一,หนึ่ง
一一,อย่างใดอย่างหนึ่ง อันใดอันหนึ่ง แต่ละอย่าง
一一劫,ในแต่ละกัป ทุกๆ กัป
一切,ทั้งหมด สรรพ
一切佛,พระพุทธเจ้าทั้งปวง
一切佛國土,พุทธเกษตรทั้งปวง
一切佛國土體性,สรรพพุทธเกษตรสวภาวะ สรรพพุทธเกษตรกายสวภาวสันทรรศนะ
一切佛國土體性三昧,สรรพพุทธเกษตรสวภาวสมาธิ สรรพพุทธเกษตรกายสวกายสวภาวสันทรรศนา
一切佛皆現前,เห็นปวงพระพุทธเจ้าทั้งหลายปรากฏอยู่เฉพาะหน้าในปัจจุบัน ปฺรตฺยุตฺปนฺนสรฺวพุทฺธสํมุขาวสฺถิต
一切十方,ทั้งปวงในทั้ง ๑๐ ทิศ
一切智,พระสัพพัญญุตญาณ
一切智智,สัพพัญญุตญาณ
一切智智依止者,ผู้ตั้งมั่นในพระสัพพัญญุตญาณ
一切獨覺,พระปัจเจกพุทธเจ้าทั้งปวง
一切眾,บริษัท กล่ม สันนิบาต บรรดาทั้งหลาย
一切眾生,สรรพสัตว์ทั้งสิ้นทั้งปวง
一切眾生為首,เป็นประธาน เป็นหัวหน้า ของสรรพสัตว์ทั้งปวง
一切眾生苦,ความทุกข์ของสรรพสัตว์
一切種,ทุกชนิด ทุกประเภท
一切種華光,เป็นรัศมีของดอกไม้นานาพันธุ์ สรฺวาการรศฺมิกุสุม
一切菩薩,พระโพธิสัตว์ทั้งปวง
一切處,ทุกๆที่ ที่ใดๆ ในทุกสถานที่
一切衆生,สรรพสัตว์ทั้งสิ้นทั้งปวง
一切諸佛,พระสัมมาพุทธเจ้าทั้งปวง
一切諸眾生,สรรพสัตว์ทั้งสิ้นทั้งปวง
一塊,หนึ่งก้อน หนึ่งชิ้น
一念頃,ในชั่วขณะจิตเดียว ในชั่วพริบตา
一日一夜,หนึ่งวันหนึ่งคืน
一時,ในสมัย เวลา เดียวกัน
一毛孔,เพียงขุมขน
一禪,ปฺรถมธฺยาน(ภูมิ) ปฐมฌาน(ภูมิ)
一者,ประการที่ ๑
七,เจ็ด
七寶,มณีรัตนะ ทั้ง ๗
七日,เจ็ดวัน สัปดาห์
七條,ผ้า ๗ ขัณฑ์
七者,ประการที่ ๗
七逆,กรรมหนัก ๗ ประการ
丈夫,ชายฉกรรจ์
三,สาม
三世諸佛,พระพุทธเจ้าในตรีกาล 
三十九,สามสิบเก้า
三千大千世界,ติสหัสสีมหาสหัสสีโลกธาตุ
三報,วิบาก ๓ หรือ เวลาการให้ผลของกรรม ๓ อย่าง
三寶, พระรัตนตรัย
三惡道,ทุคติ ๓ นรก เดรัจฉาน เปรต
三摩鉢底,สมาบัติ
三昧,สมาธิ
三有,ไตรภพ 3 ภพ
三歸,ตรีศรณะ
三歸依,ตฺริศรณคมน ไตรสรณคมน์
三禪,ตฤตียธฺยาน(ภูมิ) ตติยฌาน(ภูมิ)
三禪天,ตฤตียธฺยาน(ภูมิ) ตติยฌาน(ภูมิ)
三種,สามชนิด อย่าง
三者,ประการที่ ๓
三耶三佛,สัมยักสัมพุทธะ
三藏,พระตรีปิฎกาจารย์ ไตรปิฏก
三藏,ไตรปิฎก
三衣,ผ้าไตรจีวร
上,บน อยู่บน
上中下,สูง กลาง ต่ำ สามระดับ
上座,หัวแถว พระเถระ
上方,ทิศเบื้ื้องบน
上族,ชาติตระกูลดี
上水,ทวนน้ำ บนน้ำ
下,ล่าง ต่ำ
下方,ทิศเบื้องล่าง
下水,ล่องน้ำ ตามน้ำ
下至,ลงมา จนถึง
不,ปฏิเสธ. ไม่
不令,ไม่อนุญาต ไม่ปล่อยให้
不依,ไม่พึ่งพา อาศัย ยึดติด
不信受,ไม่ยอมรับ ไม่เชื่อถือ ไม่ศรัทธา
不信用,ไม่เชื่อถือศรัทธา
不停,ไม่หยุดหย่อน ไม่พัก ไม่หยุด
不共佛法,คุณสมบัติพระพุทธเจ้าที่ไม่มีใครเทียบได้ อาเวณิกพุทธธรรม
不共法,อาเวณิกพุทธธรรม
不具,บกพร่อง วิกล พิการ ไม่สมประกอบ
不具足,ไม่สมประกอบ พิการ
不加報,ยังไม่ตอบแทน ไม่ทำเสียหาย ไม่ทำอันตราย ไม่โต้ตอบ เอาคืน ล้างแค้น
不動地,อจลภูมิ (ภูมิแห่งความไม่หวั่นไหว)
不可,ไม่สามารถ ไม่อาจ
不可壞性,ลักษณะ โคตรที่ไม่สามารถทำลายได้ จิตตวัชระระดับ ๑๐
不可思議,อจินไตย สิ่งที่ไม่ควรคิด
不可盡,ไม่หมดสิ้น ไม่มีที่สิ้นสุด สุดจะบรรยายพรรณา นับไม่ถ้วนจนสุดสิ้นไม่ได้
不可說,ไม่อาจพรรณาได้
不同,ไม่เหมือนกัน ต่างกัน แยกกัน
不向,ไม่สามารถใช้ได้กับ
不妄語,เว้นจากการพูดเท็จ
不婬,เว้นจากพฤติกรรมอันมิใช่พรหมจรรย์
不得,ไม่ควร ไม่ได้รับ ไม่เข้าใจ
不得佛塔,ไม่ใช้.เอา.บริเวณพระพุทธสถูปเป็น
不應,ไม่ควร พึงไม่ ไม่เกี่ยวข้องด้วย ไม่ถูก ไม่มีเหตุผล
不應為說法,ไม่ควรแสดงธรรม[แก่ผู้นั้น]
不殺生,เว้นจากการฆ่าสัตว์
不淨,ไม่บริสุทธิ์
不淨施,ไม่เป็นทานบริสุทธิ์ ในวินัย ไม่ได้ทำวิกัลป์ วิกัปป์ 
不淨行,อพรหมจรรย์ เสพเมถุนธรรม
不生,ไม่เกิด
不發是願者,ผู้ใดไม่ตั้งประณิธานอย่างนี้
不盜,เว้นจากการลักทรัพย์
不盡,ไม่มีที่สิ้นสุด ไม่รู้จักเหนื่อย ยังไม่เสร็จสิ้น ไม่สมบูรณ์
不相尋,ไม่เหมือนกันไม่เนื่องกัน [ เกี่ยวข้องกับ ต่อเนื่อง] 
不能男,ชายผู้ไร้สมรรถภาพ ไม่มีอวัยวะเพศ เพศไม่ปรากฎ บกพร่องทางเพศสภาพ 
不解,ไม่เข้าใจ
不誦,ไม่สวดสาธยาย
不起,ไม่ตื่นขึ้น ไม่เกิด ไม่กระจ่างแจ้ง
不起承迎,ไม่ลุกขึ้นต้อนรับ
不邪婬,เว้นจากการประพฤติผิดในกาม
不闕,ไม่เสียหาย ไม่วิกล พิการ ไม่ขาด
不飮酒,เว้นจากการดื่มสุราเมรัยของมึนเมา
且,ชั่ว ตลอดเวลา ในระหว่าง ชั่วคราว
且止,งด (หยุด) ชั่วคราว
世,โลก
世主,เจ้าแห่งโลก พระประชาบดี 
世事,กิจการ.วิชาชีพ.ทางโลก
世尊,โลกนาถ พระภาคเจ้า
世尊不作是語,พระผู้มีพระภาคเจ้าไม่เคยตรัสแสดงอย่างนั้น
世尊無數方便,พระผู้มีพระภาคเจ้าทรงบรรยายไว้มากประมาณมิได้
世師,ครูของโลก
世界,โลกธาตุ
世間,โลก
中,กลาง ท่ามกลาง ใน
中人,ท่ามกลางผู้คน ผู้อยู่ใน
中印度,มัชฌิมประเทศ มัชฌิมชนบท มัธยมประเทศ
中央,ใจกลาง กึ่งกลาง
中意,ในใจความสำคัญ ส่วนสำคัญ แก่นสาร สารัตถะ ถ่องแท้
中間,ระหว่างกลาง
丸,เม็ด ก้อน กลม
主,นาย ท่าน เจ้า
乃,ย่อม จากนั้น ดังนั้น
乃至,จนถึง แม้กระทั่ง
久住,ให้ตั้งมั่นยาวนาน
之,ของ.แห่ง.เขา.นั้น.นี้.
之具,ด้วยสิ่งของ
之具,เครื่องมือ อุปกรณ์ 
乎,ใช่ใหม ยัง และ .ใช้แสดงคำถาม ตกใจ
乏,ขาด ปราศจาก
乘,ยาน
乘船,โดยสารเรือ ลงเรือ
乘車,นั่งบนรถอันเทียมด้วยสัตว์(ยานพาหนะเทียมสัตว์)
九,เก้า
九地,ภูมิที่ ๙
九月,๙ เดือน หรือ เดือน ๙ จีน ประมาณ กันยายนหรือตุลาคม ดูตามบริบทจีนหรืออินเดีย
九條,ผ้า ๙ ขัณฑ์
九者,ประการที่ ๙
乞,สวด ร้องขอ บนบาน
乞求, ร้องขอ ขอร้อง ขอความช่วยเหลือ
也,ก็ ก็ได้ ก็ไม่ แต่
乳,นม
乾,ฟ้า (สัญลักษณ์ของฟ้าดิน)
乾坤,ฟ้าดิน จักรวาล สวรรค์และโลก
乾陀羅, (Skt. Gandhāra)
亂,ไม่เป็นระเบียบ สับสน วุ่นวาย ปั่นป่วน
亂意,วิกขิตตจิต จิตฟุ้งซ่าน
了,เข้าใจด้วยปัญญา
事,สิ่ง ของ ข้อ เรื่อง เหตุการณ์
二,สอง
二十,ยี่สิบ
二十六,ยี่่สิบหก
二時,สองคราว สองกาล สองเวลา
二根,อุภโตพยัญชนก สองเพศ องค์สอง
二禪,ทฺวิตียธฺยาน(ภูมิ) ทุติยฌาน(ภูมิ)
二禪天,ทฺวิตียธฺยาน(ภูมิ) ทุติยฌาน(ภูมิ)
二者,ประการที่ ๒
于,บุพบท ใน ที่ บน ที่นี้
于闐,โขตาน
于闐國,เมืองโขตาน
云,กล่าวว่า พูดว่า
云何,กล่าวว่าอย่างไร
五,ห้า
五條,ผ้า ๕ ขัณฑ์
五欲,กามคุณ ๕ 
五百,ห้าร้อย
五百世,๕๐๐ ชาติ
五種,ห้า ประเภท
五者,ประการที่ ๕
五辛,เครื่องฉุน ๕ อย่าง (ปัญจปริวยยะ)
五逆罪,อนันตริยกรรม ๕ ประการ
五通, อภิญญา ๕ ประการ
亡,จากไป
交,ตัดกัน เชื่อมต่อกัน ซึ่งกันและกัน มิตรภาพ
交會,ร่วมเสพสังวาส เมถุน
交遊,คบเป็นมิตร
亦,อีกด้วย
亦如是,ก็อย่างนี้ 
亦復如是,ก็เช่นเดียวกันนี้ ก็ด้วยประการฉะนี้
亦復然l,เช่นเดียวกัน เหมือนกัน
亦爾,ก็เช่นเดียวกัน 
人,คน มนุษย์
人物,มนุษย์และสัตว์ทั้งหลาย
人間,มนุษย์โลก
仁,เมตตา
今,บัดนี้
今學,ศึกษาอยู่ในบัดนี้
今日,วันนี้
今說,ที่บอก ตรัส แสดงในบัดนี้
今身,ร่างกายปัจจุบัน
他,อื่น ตรงข้าม
他化天,สวรรค์ชั้นปรนิรมิตวศวรรตินะ
他化自在天,ปรนิมมิตวสวัตดี
他化自在天王,ท้าวปรนิมมิตวสวัตตี
仗,ศาสตราวุธ อาวุธ
付,แนบ จ่าย
付囑,ขอ ส่ง สั่ง บอก
仙,เซียน ผู้บรรลุธรรม
仙山,อิสิคีรี ฤษีคีรี
代,แทนที่ สลับกัน สำรอง 
令,อันเป็นเหตุ
令得,เป็นเหตุให้บรรลุ.จงได้รับ
令得解脫,เป็นเหตุให้บรรลุวิมุตติ
以,ด้วยการ โดยวิธี ฉะนั้น เพื่อ ใช้ เป็น แล้ว
以亂道意,เป็นการทำให้จิตอยู่ในทางแห่งความฟุ้งซ่าน วิกขิตตจิต 
以如是,โดยอาศัยอย่างนี้ ด้วยวิธีการเช่นนี้
以惡心故,ด้วยเจตนาอันเป็นอกุศลจิต
以此,ด้วยเหตุนี้ โดยสิ่งนี้ ดังนั้น 
以為,ถือเอาเป็น ให้เป็น
仰,เงยหน้ามอง เคารพ
仰觀,มองขึ้นไป มองขึ้นไปบนท้องฟ้า สังเกตปรากฏการณ์ทางธรรมชาติ ดวงดาว
任,ยอมรับ ถือ รักษา คงไว่
任力,ใช้กำลังแรงงาน พึ่งกำลังของตน พยายามให้ดีที่สุด ตามความสามารถ
伎樂,นาฏกรรม การละเล่นขับร้อง เล่นดนตรี
伏,ปราบ กำราบ ทำให้ลดน้อยลง
伐,ฟัน โจมตี
估,ประเมิน คาดคะเน
伴,เพื่อนำมาด้วย ผู้ตาม มาเป็นเพื่อน
伽陀,คาถา
但,เท่านั้น เพียง เมื่อไหร่ก็ตาม
位,ชั้น ระดับ ภูมิ
低門,ประตูต่ำ ยากจน ฐานะไม่ดี
住,หยุดอยู่ อาศัย พัก
住法雲地,ดำรงอยู่ในธรรมเมฆาภูมิ (ภูมิเมฆแห่งธรรม)
住胎,อยู่ในครรภ์
住處,ที่อยู่อาศัย
何,ทำไม อะไร อย่างไร
何以故,ทำไมถึงเป็นเช่นนั้น
何等,มีอะไร ประเภทใหน อย่างใหน
何等為,อะไรคือ เป็นอะไร
何義故,ด้วยเหตุผลอะไร?
佛,พระพุทธเจ้า
佛事,พุทธกิจ
佛像,พระพุทธรูป
佛刹,พุทธเกษตร
佛剎,พุทธเกษตร
佛功德,พุทธคุณ
佛國土,พุทธเกษตร
佛塔,พระสถูปแห่งพระพุทธเจ้า
佛子,พุทธบุตร ชินบุตร
佛弟子,พุทธบุตร พุทธสาวก
佛性,พุทธธาตุ พุทธภาวะ 
佛性種子,พีชะแห่งพุทธธาตุ
佛戒,พุทธศีล
佛所,สถานที่ประทับแห่งพระพุทธเจ้า เบื้องบาทมูลพระพุทธ
佛所說法,พระธรรมที่พระพุทธเจ้าทรงแสดงไว้
佛智,พุทธญาณ สัพพัญญู
佛法,พุทธธรรม
佛滅度,พุทธปรินิพพาน พุทธปรินิรวาณ
佛滅後,ครั้นหลังพุทธปรินิรวาณแล้ว
佛神力,พุทธานุภาพ
佛種子,พุทธพีชะบุคคล
佛行處,ด้านกิจกรรมของพระพุทธเจ้า ทางโคจรแห่งพระพุทธ
佛言,พระพุทธเจ้าตรัสว่า
佛說,พุทธพจน์ พุทธภาษิต พุทธวัจนะ
作,ทำ กริยา กรรม กิจกรรม ฝ่าฝืน
作如是語,กระทำการกล่าวเช่นนี้ว่า
作是言,ทำการกล่าวอย่างนี้ว่า
作是願言,ตั้งประณิธานกล่าวว่า
作時,เวลาทำงาน
作淨,วิกัลปะ
作福,บุญกริยา
作禮,นมัสการ ทำการถวายบังคม
使, ส่ง สั่ง ทำให้ ใช้ มลทิน กิเลส ก่อกวน ถ้าสมมุติว่า 
使命,เป็นทูต ส่งสารคำสั่ง ทำภารกิจตามคำสั่ง
來,มา
來入,เข้าไป เข้ามา
來所行處,ตถาคตโคจร ทางโคจรของพระตถาคตเจ้า
供,บูชา ยัชญะ นำมาเสนอ ยื่น เสิร์ฟ จัดหาให้ มีน้ำใจช่วยเหลือ 
供給,อุปการะ
供養,บูชา เลี้ยงดู ดูแล ปรนนิบัติ ถวาย
供養之具,เครื่องบูชา
供養佛,พุทธบูชา
依,สนับสนุน อาศัย พื้นฐาน หลักการ
便,จากนั้น ทันที โดยตรง
促,รีบ เร็ว ใกล้ สั้น
俗,ทางโลก ทางฆราวาส
俗典,หนังสือทางโลก
俗服,เสื้อผ้าอันเป็นเครื่องหมายคฤหัสถ์ เสื้อผ้าชาวบ้าน
保,ปกป้อง อารักขา บำรุงรักษา
信,ศรัทธาปสาทะ
信女,อุบาสิกา ผู้ศรัทธาหญิง
信心出家,มีจิตศรัทธาออกบวช
信用,เชื่อถือศรัทธา
信男,อุบาสก ผู้ศรัทธาชาย
信解,ศรัทธาและความเข้าใจ ความเชื่อมั่นและความหยั่งรู้ ความตั้งใจมั่น การตัดสินใจแน่วแน่ อธิมุกติ
修,ภาวนา บำเพ็ญ
修善,ปลูกฝังความดีงาม กุศลกิจ 
修善法,ปลูกฝังธรรมอันดีงาม ปฏิบัติในกุศลธรรมให้เจริญงอกงาม
修治,บำรุงรักษา ดูแล
俱,ด้วยกับ
倒,กลับหัวกลับหาง ผิดทาง พลิก ตรงกันข้าม เข้าใจผิด
倚,ยึดถือ
借,ขอเช่ายืม ให้เช่ายืม เป็นหนี้เงินกู้
倡妓,สตรีผู้ให้ความบันเทิง นักร้องหญิง นักเต้น
假使,หากแม้ว่า แม้ว่า
假借,ร้องขอ ขอยืม
偈,คาถา โศลก
偏,อคติ
停,ที่ตายตัว กำหนด หยุด พัก ผ่อน
偷,ขโมย
偷盜,ลักขโมย
偸,ขโมย 
偸盜,โจรขโมย
傳,ถ่ายทอด ส่งต่อ ประกาศใช้ เผยแพร่
傳教大師,มหาอาจารย์พระธรรมทูต
傳法大師,พระมหาเถระผู้เผยแพร่พระธรรม
傷,บาดเจ็บ เจ็บปวด
傷害,ทำร้าย
傾,เอียง งอ โอนเอียง 
像法,สัทธรรมปฏิรูป
僕使,กรรมกร บริวาร ข้ารับใช้
僧,สงฆ์
僧,สงฆ์
僧伽婆尸沙,สังฆาวเศษ สังฆาทิเสส
僧伽梨,สังฆาฏิ
僧伽藍,สังฆาราม
僧伽藍民,คนวัด อารามิกะ ชนผู้ทำการในอาราม ผู้ดูแลสังฆาราม
僧坊,สังฆาราม
僧房,วิหารสงฆ์ กุฏิสงฆ์ ที่พักสงฆ์
僧房主,ผู้ดูแลเสนาสนะที่อยู่ของสงฆ์ หรือดูแลสังฆาวาส เจ้าอาวาส
僧斷事,สงฆ์วินิฉัย
僧殘法,ธรรมอันต้องอาศัยสงฆ์ในส่วนที่เหลือ
僧羯磨,สงฆ์ให้สมมติ
僮使,บ่าวรับใช้
僮僕,บ่าวรับใช้
僮客,บ่าวรับใช้
價,ราคา ค่า
儀,อิริยาบถ อาจาระ มารยาท ท่าทาง
億,โกฏิ ร้อยล้าน
儘教,สั่งสอนจนหมดสิ้น
優,เหนือกว่า ยอดเยี่ยม
優劣,ข้อดีและข้อเสีย
優婆塞,อุบาสก
優婆塞戒,อุบาสกศีล
優婆夷,อุบาสิกา 
優波尼沙陀分,ส่วนแห่งอุปนิสา ส่วนที่ละเอียดอ่อนที่สุดจนไม่อาจแบ่งแยกได้
優陂夷,อุบาสิกา รูปไม่นิยม
儲畜,เก็บรักษา สังคระหะ
兄弟,พี่น้อง
充,เติมเต็ม บำรุง
先,ก่อนหน้า
先以恩加,จงกระทำอุปการะก่อน
先住僧,สงฆ์ฝ่ายอาวาสิกะ คือผู้พักอาศัยอยู่ก่อน เจ้าบ้านเจ้าถิ่น
先學,มีความรู้และประสบการณ์มากกว่า ผู้ที่ศึกษามาก่อน
先知,รู้ล่วงหน้า รู้ก่อนแล้ว
光,แสงสว่าง โอภาส ประภา
光光,รัศมีอันโอภาสสว่างรุ่งเรือง
光明所作,ปฺรภากรฺม การกระทำที่เกิดจากแสงสว่าง
光明照, แสงสว่างที่ส่องประกาย ปฺรภาสฺวร ประภัสสร
免,หลีกเลี่ยง อย่าได้ เว้นจาก
兒子,บุตรธิดา
兜率,ดุสิต ตุษิตะ
兜羅,ตูละ ปุยของพืช
入,เข้า ใส่
入此三昧時,เมื่อเข้าสู่สมาธินี้
入母胎,ลง เข้าสู่ครรภ์มารดา
入法界差別,เข้าสู่การจำแนกธรรมธาตุ ธรฺมธาตุวิภกฺติปฺรเวศ
入涅槃,เข้าสู่นิพพาน
內,ใน ส่วนตัว
內外,ภายในและภายนอก หรือกายใจ
全,สมบูรณ์
兩,ทั้งสอง ทั้งคู่ เหรียญเงินขนาดเล็ก มาตราชั้ง ประมาณ ราว 14-38 กรัม
兩舌,ส่อเสียด พูดให้ทะเลาะกัน
兩頭,สองหัว ลิ้นสองแฉก นกสองหัว สองฝ่าย
八,แปด
八戒,ศีลแปด
八者,ประการที่ ๘
八道行城,การละเล่นถนนแปดสายสู่เมือง
八部鬼神,สัตว์มีฤทธิ์ในคติ ๘
八難,อักขณะ อักษณะ ๘ ประการ ช่วงเวลาที่ไม่เหมาะสม
六,หก
六,หก
六博,การเพนันชิ้นไม้ ๖ อัน
六情,อินทรีย์หก
六方,ทิศหก
六欲天,กามาวจร 6
六欲天子,เทพบุตรในกามาวจร 6
六畜,ปศุสัตว์ 6 ประการ
六者,ประการที่ ๖
六萬,หกหมื่น
六親,ญาติทั้ง ๖ ประเภท 6 ชั่วโคตร
六道,(สัตว์ใน) คติ ๖ 
共,พร้อมกัน เหมือนกัน ร่วมกัน พบปะ เข้าร่วม
共宿,นอนในสถานที่เดียวกัน รูปแบบ1
兵,ทหาร
兵仗,ศาสตราวุธ
其,ของ นั้น ใน
其垢,ซึ่งความสกปรก
具,มี เป็นเจ้าของ จัดหา เตรียมพร้อม กอปรด้วย
具衆相,ประกอบด้วยลักษณะ ผู้ประกอบด้วยพระลักษณะ
具足,เพียบพร้อม ครบสมบูรณ์ เครื่องใช้ต่างๆ
冤親,เกลียดชังและเสน่หา ศัตรูและญาติมิตร
冬,ฤดูหนาว เหมันต์
凡,โลก โลกิยะ สามัญ ทั้งหลาย 
凡夫,สามัญชน พาลชน ปุถุชน
凶 ,โชคร้าย
凶嶮,โหดเหี้ยมอันตราย
出,ออก
出家,บรรพชา สละเรือน
出家人法,ธรรมของบุคคลผู้เป็นบรรพชิต
出家智者,บัณฑิตบรรพชิต
出胎,ออกจากครรภ์
出軍,เดินทัพ
刀,ดาบ
刀子,มีดเล็ก
刀山,ภูเขาแห่งคมดาบ ชื่อนรก
刃,ดาบ ใบมีด ของมีคม
分,ส่วน สาขา แบ่ง แจกจ่าย ปัน
分檀布施,ทักษิณาทาน แบ่งปันให้ทานเอื้ออาทร 
分陀利花,บัวปุณฑริก(บัวหลวง) 
切,ตัด เฉียบขาด
初,เริ่มต้น
初地,ปฐมภูมิ อาทิภูมิ ชั้นแรก
初始,เมื่อแรกเริ่ม
初欲作時,เวลาเริ่มที่อยากจะทำงาน
初發心,การตั้งจิตในเรื่องการตรัสรู้ในครั้งแรก ตั้งโพธิจิตในเบื้องต้น ปฺรถมจิตฺโตตฺปาท
初禪天,ปฺรถมธฺยาน(ภูมิ) ปฐมฌาน(ภูมิ)
別,แยก
別衆食,คณโภชน์ แยกออกมากินเป็นหมู่
別請,ประวารณาไว้เฉพาะตน ปฺรตฺเยกปฺรวารณา 
利,คม ฉลาด ไหวพริบ มีกำไร ประโยชน์ กำไร ได้เปรียบ
利器,ของมีคม อาวุธ เครื่องมือสงครามที่แหลมคม
利益,ประสิทธิภาพ ประโยชน์ กำไร สวัสดิภาพ
利行,การสงเคราะห์ประโยชน์ การกระทำที่เป็นประโยชน์ อรรถจริยา 
利養,ลาภ สักการะ ผลประโยชน์ อามิสสินจ้าง
到,ไปถึง
制,กฎ
制譯,แปลตามคำสั่งหรือบัญชา
刹利,กษัตริย์
刹那,ทันที ขณะ กษณะ ชั่วขณะเดียว
刺,ทิ่ม แทง 
刺心,ทิ่มแทงใจ
則,ย่อม ด้วยเหตุนี้ ดังนั้น
剋,ชัยชนะ จัดการ เคร่งครัด รุนแรง ฆ่า สะท้อนกลับไป ตบ
前,ก่อน หน้า นานมาแล้ว ข้างหน้า
剎那,ทันที ขณะ กษณะ ชั่วขณะเดียว
剛,แข็ง แน่วแน่
剝,ถลก เปลื้องผ้า ถอด ลอก ออกไป 
剝皮,ถลกหนัง
割,ตัด บั่น หั่น
劍,ขรรค์ กระบี่ ดาบสองคม
劍善提,แคว้นกัมโพชะ
劍洴沙, (Skt. Kambboja).
劖,นำไปสับ ตัด.เจาะ แทง เสียดสี
力,พลรบ แข็งแกร่ง
功,บุญ ความสำเร็จ งาน หน้าที่ ประสิทธิผล ทักษะ 
功德,บุญคุณ อานิสงค์ผลบุญ คุณค่า คุณภาพ ประสิทธิภาพ คุณธรรม ความดี พลังอันยิ่งใหญ่ 
功德聚,เปี่ยมด้วยคุณธรรมทั้งปวง เปี่ยมด้วยอานิสงค์ผลบุญ บุญทั้งหลาย
加,นำไปใช้ เพิ่ม ยก
加報,ตอบแทน ทำอันตราย โต้ตอบ เอาคืน ล้างแค้น
加護,อธิษฐาน รักษา ประทานพร อภิบาลคุ้มครอง
助,ช่วยเหลือ
助歡喜,มุทิตา อนุโมทนา พลอยยินดี
助道法,โพธิปักขิยธรรม
助道法,โพธิปักขิยธรรม
劫,กัปป์ กัลป์
劫賊,โจร
勇怯,กล้าหาญ อ่อนแอ
勉,เพื่อพยายาม
動,เคลือนที่ หวั่นไหว
動傾,หวั่นไหวคลอนแคลน
勝,เลิศ ประเสริฐ ปรม อัคร วิเศษ
勝己,ดีกว่าตัว
勝行,การปฏิบัติอันวิเศษหรือประเสริฐ
勝負,แพ้ชนะ
勞,เหนื่อยล้า
勢,กำลัง พลัง
勤,มุ่งมั่น เพียร วิริยะ
勤修,พยายามฝึกฝนพัฒนา 
勤加精進,พากเพียร บำเพ็ญเพียรอย่างแรงกล้า หรืออย่างขยันขันแข็ง
勤求,มุ่งมั่นเพื่อ
勤苦,ทุกข์ยาก
勸,ชักจูง ส่งเสริม กระตุ้น
勸助,ชื่นชมยินดีใน อนุโมทนา
勿,อย่า
化,สอน ชี้แนะ นำทาง นิรมาณ
化樂天,สวรรค์ชั้นนิรมาณรติ
北方,ทิศเหนือ
匿,ซ่อน ปกปิด
十,สิบ
十,สิบ
十一,สิบเอ็ด
十三,สิบสาม
十二,สิบสอง
十五,สิบห้า
十億, ๑๐ โกฏิ
十億佛剎, พุทธเกษตรจำนวน ๑๐ โกฏิ
十六,สิบหก
十力,ทศพล
十四,สิบสี่
十地,ทศภูมิ ภูมิ ๑๐
十大願,มหาประณิธานสิบประการ
十寶山王,มหารัตนบรรพตราชาทั้ง ๑๐
十山王,มหารัตนบรรพตราชา บรรพตราชา คีรีราชา ทั้ง ๑๐
十念,อนุสมฤติ ๑๐
十戒,ศีล ๑๐ หรือ ทั้ง ๑๐ สิกขาบท
十方,สิบทิศ
十發趣,สํปฺรสฺถาน ๑๐
十禪支,องค์แห่งสมาธิ ๑๐ ประการ
十自在,อำนาจอิสระทั้งสิบ ทศวศิตา
十萬,แสน
十重,ครุกาบัติ ๑๐ สิกขาบท
十重波羅提木叉,ครุปราติโมกษ์ทั้ง ๑๐ สิกขาบท
十金剛,จิตตวัชระ ๑๐
十金剛心,จิตตวัชระ ๑๐
十長養,สํวรฺธน พุทฺธิวฤทฺธิ ๑๐
千,นับพัน หนึ่งพัน
千百,นับแสน หนึ่งแสน
千百億,แสนโกฏิ
千花上佛,พระพุทธเจ้าจำนวนนับพันพระองค์ ที่ประทับบนดอกไม้เหล่านั้น
千里,พันลี้ ทางไกลมาก
千重,เป็นพันชั้น
半,กึ่ง
半月半月,ทุกๆกึ่งเดือน
卑門,ประตูต่ำ ยากจน ฐานะไม่ดี
南,ทิศใต้
南方,ทิศใต้
南無佛,นโมพุทฺธาย นะโม พุทธายะ
南無比丘僧,นโมสํฆาย นะโม สังฆายะ
南無法,นโมธรฺมาย นะโม ธรรมายะ
博,กว้าง พนัน
博塞,การพนันการทอดลูกบาศก์ 
卜筮 ,เสี่ยงทาย การดูดวงและการตีความ
占相, การดูดวงตามลักษณะใบหน้า ทำนายลักษณะ
印,มุทรา
即,แล้ว ทันที แต่ เช่น แค่ อย่างแน่นอน เหมือนว่า
即得,ได้รับทันที ได้มาในทันที ทันทีนั้นก็จะได้รับ
即明,ทันใดก็สว่างขึ้น
即是,ได้แก่ คือ 
即起迎來送去,ลุกขึ้นต้อนรับเมื่อมาถึง ออกไปส่งเมื่อจะกลับ
却,อย่างไรก็ตาม หลังจากนั้น
卷,ผูก ม้วน ชุดหนังสือ
卷第,ผูกที่
卽爲,เป็นเพียง มันอาจจะ บางที
厄難,ลำบาก
厚,หนาแน่น หนัก ข้น ลึกซึ้ง
原,แหล่งที่มา ต้นกำเนิด มูลเหตุ มูลฐาน
厭,เบื่อหน่าย
去,ออกจาก. หนี. ปล่อย. ผ่าน. แยก. ทิ้ง.
又,และ อีกทั้ง แต่
叉,ประสานมือ ส้อม
叉手, ประคองอัญชลี ไหว้
叉腰,มือเท้าเอว เท้าสะเอว
及,ถึง. บรรลุ. ขยาย. และ.เช่นเดียวกับ.ดุจ
及以,และ รวมไปถึง
友,เพื่อน
反,กลับ คืน ตรงข้าม
反抄,เปิดขึ้น กลับด้านในออกมา ไม่เรียบร้อย 
反更,ในทางตรงกันข้าม แทนที่ กลับ
反生,กลับทำให้เกิด(สิ่งที่ตรงกันข้าม)
取,ยึด ถือ เอา จับ 
取不可盡,ไม่อาจนำมาให้หมดสิ้นได้
取婦,มาเป็นภรรยา รับเอาสตรี
受,รับ ยึด เวทนา
受佛正戒,รับเอาศีลอันถูกต้องของพระพุทธเจ้า
受優婆塞戒,รับอุบาสกศีล
受具足戒,รับการอุปสมบท
受加,รับเอามา รับมอบฉันทะมา
受持,สมาทาน
受持戒,สมาทานศีล
受持讀誦,เพื่อทรงจำ อ่าน สวดสาธยาย
受生,อุบัติ การถือกำเนิดใหม่
受職,อภิเษก
受職地,อภิเษกภูมิ
受菩薩戒,รับโพธิสัตวศีล
受菩薩齋,สมาทานโปษธะแห่งโพธิสัตว์
受行,เพื่อรับและนำไปปฏิบัติ
受齋法,สมาทานโปษธธรรม เข้าจำซึ่งอุโบสถธรรม
叢林,ป่าทึบ ป่าดง
口,ปาก
口中,เข้าปาก ในปาก
口所,ด้วยปาก
口軟,ปากหวาน พูดดี
口軟心惡,ผู้ที่พูดจาอ่อนหวานแต่ใจร้าย
句,บท ประโยค 
叫,ร้องไห้ ตะโกน กรีดร้อง คร่ำครวญ
可,อาจ สามารถ
可呵,น่าชัง น่ารังเกียจ น่าติเตียน
可呵法,ธรรมที่น่าติเตียน ประติเทศนียะ กลับใจเมื่อทำผิดต่อผู้อื่น
右,ขวา
各,แต่ละ
各各,แต่ละ
合,รวมกัน สามัคคี แต่ง หุ้นส่วน เห็นร่วม
合掌,ประนมอัญชลี
合時,เวลาที่เหมาะสม ถึงเวลารวมตัว รวมกันเป็นหนึ่ง
合會,รวบรวม ระดมรวมพล เกณฑ์พล
吉 ,โชคดี
吉祥,สิริ มงคล ศรี ศุภะ
同,เหมือน เดียวกัน
同事,การวางตนเสมอภาค การประพฤติตนสม่ำเสมอ สมานัตตตา
同學,เพื่่อนร่วมชั้น เพื่อนสหธรรมิก
同室宿,นอนในสถานที่เดียวกัน รูปแบบ2
同意,น่าเชื่อถือ เห็นด้วย ยินยอม อนุมัติ อนุญาต รับรอง
同行,มีจริยา ประพฤติ ปฏิบัติ เหมือนกัน
同見,มีทรรศนะ ความเห็น ทิฏฐิ เหมือนกัน
同誦,สวดร่วมกันกับ
同道,ทางเดียวกัน
名,ชื่อ นาม 
名為,ได้ชื่อว่า มีนามว่า ชื่อว่า
向,แก่. ถึง. ต่อ. ตรงข้าม. ชี้. นำ. ส่วน.
君臣,ผู้ปกครองและผู้ติดตาม นายและบ่าว ราชาและมนตรี
吞,กลืน ดื่ม
吟,ร้อง สวด
吠,เห่า 
吠舍離,เวสาลี ไวศาลี
吠舍離城,เมืองเวสาลี ไวศาลี
含,บรรจุ อม ในปาก ถือ รวบรวม
吹,เป่า สรรเสริญ
吼,คำราม แผดเสียง ตะโกนลั่น
吾,แห่งข้า ของข้า ฉัน ตัวเรา
告,รับสั่ง พูด บอก
周,รอบ ครบถ้วน
周匝,ล้อมรอบ
呪,มนตร์
呪術,มนต์ เวทมนตร์
呪術,ทำมนตร์เสน่ห์
味,รสชาติ
呵,วิพากษ์ วิจารณ์ ตำหนิ ดุด่า กล่าวโทษ
呵責,ตำหนิ วิจารณ์
呼,เรียกว่า ขนานนาม เรียกชื่อว่า
命,ชีวิต ชีพ
和,อ่อนน้อมถ่อมตน เพื่อให้กลมกลืน ปรับตัวเข้ากับ ให้เข้ากับ หรือสอดคล้อง
和上, อุปาธยาย อุปัชฌาย์
和合,พร้อมเพรียง สามัคคี เป็นหนึ่งเดียว
和善,น่ารัก ใจดี (นิสัย) อัธยาศัยดี
咏,เพลง บทกวี
咸,ด้วยกัน. ทั้งหมด. อย่างสมบูรณ์. เพื่อรวมกัน
咸住其中,ล้วนอาศัยอยู่ในนั้น
咸在其中,ล้วนอยู่ในนั้น
咸集,ล้วนรวมอยู่ รวบรวมทั้งหมด 
哀,ความโทมนัส โศกเศร้า น่าสงสาร น่าเอ็นดู ความสังเวช
品,บทว่าด้วย องค์ วรรค ปริวรรต
唱,ตะโกน ยกย่อง ชื่นชม ประกาศ เรียกร้อง
商,ปรึกษา ค้าขาย
商估,พ่อค้า วานิชย์ พานิชย์
問,คำถาม ถาม
問訊,สัมโมทนีย สนทนาปราศรัย พอเป็นที่บันเทิงใจ พอให้ระลึกถึงกันไปแล้ว ถามถึงทุกข์สุข
啓,เปิดเผย สอน
善,ดี เลิศ ประเสริฐ
善人,เป็นคนดี มีคุณธรรม สัตบุรุษ
善友,กัลยาณมิตร เพื่อนที่ดี
善哉,ยอดเยี่ยม สาธุการ สาธุ ดีแล้ว
善學,ศึกษาด้วยดี
善心, จิตใจดี กุศลจิต
善思量,พิจารณาด้วยดี
善慧地,สาธุมตีภูมิ (ภูมิแห่งปัญญาอันดีงาม)
善根,กุศลมูล
善法,กุศลธรรม
善生, สิงคาลกะ สุชาตะ เกิดมาดี
善男子,กุลบุตร
善知識,กัลยาณมิตร
善能,สามารถอย่างดี เก่งกาจในการ
善說,กล่าวสุภาษิต
喜,สุขใจ ยินดี เบิกบาน
喜時,เวลาดีใจ
喪失,เสีย หาย ตาย
嗅,ดม กลิ่น
嗜,ชอบ เพลิดเพลิด ติด อยากได้
嗜味,ติดรส เพลิดเพลินในรสชาติ
嗜酒,นักเลงสุรา
嗣,สืบต่อ เชื่อมต่อ
嘗,ชิม ลอง ทดสอบ
噏,สูดดม หายใจเข้า ดูดซึม ดูดขึ้น
器,ภาชนะ
嚴,ประดับประดาเข้มงวด น่าเกรงขาม มีสง่าราศี
嚴師,ครูอาจารย์ผู้เข้มงวด ผู้เชี่ยวชาญ
嚴身,สำหรับตกแต่งกาย
嚼,เคี้ยว สีฟัน
囊,ถุง กระสอบ ถุงหนัง
囑,เพื่อเสนอราคา คำสั่ง บอก เข้าร่วม การร้องขอ
囚繫,จองจำพันธนาการ
四,สี่
四,สี่
四十里,40 ลี้ 1 โยชน์
四大河,แม่น้ำสี่สายใหญ่ มหานทีทั้ง ๔ (คงคา สินธุ สีตา วักษุ)
四天下,จตุรทวีป ทวีปทั้ง ๔
四攝法,สังคหวัตถุ ๔
四月,๔ เดือน หรือ เดือน ๔ จีน ประมาณ เมษายนถึงพฤษภาคม ดูตามบริบทจีนหรืออินเดีย
四禪,จตุรฺถธฺยาน(ภูมิ) จตุตถฌาน(ภูมิ) หรือ ธยานสี่ก็ได้
四禪天,จตุรฺถธฺยาน(ภูมิ) จตุตถฌาน(ภูมิ) หรือ ธยานภูมิสี่ก็ได้
四者,ประการที่ ๔
四邊,สี่ด้าน 
四部弟子,กลุ่มพุทธบริษัททั้ง ๔
因,เหตุด้วย พึ่งพาด้วย ขึ้นอยู่กับ ในกรณีนั้น
因佛智,อาศัยพระญาณของพระพุทธเจ้า
因緣,เหตุปัจจัย เหตุจำเป็น เหมาะสม
因緣力,ด้วยอำนาจแห่งเหตุปัจจัย
因陀羅,อินทร์
因陀羅枳黎,อินฺทฺรกีล พื้นและธรณีประตู
國,ดินแดน ประเทศ นคร โลกธาตุ พุทธเกษตร
國主,ผู้ปกครองบ้านเมือง ราชา 
國土,ชนบท ดินแดน ประเทศ
國家,ประเทศ บ้านเมือง
國王,เขตที่ประทับของพระราชา พระราชา ราชอาณาจักร
國王位,ความเป็นพระราชา
圍,ล้อมรอบ
圍碁,การเล่นหมากกระดานต่างๆ หมากล้อม
園,อาราม
園圃,สวนผักผลไม้
園林,อารามป่าไม้
圓,กลม กลมกลึง
土,ดิน ธาตุดิน
土地,แผ่นดิน ดินแดน ประเทศ เทศา
土多,ดินมาก
在,ที่ ใน บน
在下,อยู่ด้านล่าง ภายใต้ ต่ำกว่า
在中,ที่จะนอน หรือ อยู่ภายใน
在家菩薩, คฤหัสถ์โพธิสัตว์
在於大眾,ปรากฏตัวอยู่ท่ามกลางผู้คนจำนวนมาก
在高,อยู่ด้านบน เบื้องบน สู่งกว่า
圭合,ปริมาณเล็กน้อย แปลเอาความ
地,แผ่นดิน. พื้น. ภูมิ
地動,แผ่นดินไหว
地水,(ธาตุ) ดินและน้ำ
地獄,นรก
地自在,ไอศวรรย์ เป็นใหญ่ มีอิสระ
坐,นั่ง
坐具,ผ้านิสีทนะสำหรับรองนั่ง นิษีทนะ
坐則,เมื่อนั่ง
坐席,ที่จะนั่ง
坐禪,นั่งสมาธิ
坐褥,เครืองปูลาด
坑,ช่องว่าง หลุม ถ้ำ
垂,ห้อย แขวน
垢,สกปรก มลทิน กิเลส
垢穢,กิเลสที่หมักหมม
埋,เพื่อปกปิด ซ่อน ฝัง
城,เมื่อง กำแพงเมือง
城邑,คามนิคม นคร เมือง
執,จับ ถือ
執事,ไวยาวัจกร ไวยาวฤตฺยกร เวยฺยาวจฺจกร
執事人,คน ชน ผู้เป็นไวยาวัจกร
堂,ปราสาท ศาล สภา
堅,แข็งแกร่ง มั่นคง เชื่อถือได้ หนัก
堅固,หนักแน่น
堅持,รักษาไว้อย่างมั่นคง ยึดมั่น
堅持, รักษาดูแลไว้อย่างมั่นคง เคร่งครัด
堅持不捨,ยึดมั่นไม่ยอมละทิ้งเสีย (ปล่อยวาง ละวาง) 
堪,ทน พยุง ประคับประคอง แบก
堰,อ่างเก็บน้ำ เขื่อน ทำนบคันดิน
報,รางวัล ผลลัพธ์. การลงโทษ ค่าตอบแทน ตอบสนอง
報之,ตอบแทน
塔,สถูป เจดีย์
塗,แต้ม ถู ประทิน
塞,ปิด ก้้น ถม
塵,ธุลี กิเลส
境,แดน สภาพแวดล้อม
境恒,สภาวะคงที่ สภาพธรรมที่ไม่เปลี่ยน
境界,วิสัย โคจร 
增,เร่ง.เพิ่ม.ขยาย.เสริม.สูงส่ง.ยอดเยี่ยม.เลิศ.เกิน
增長,เจริญเติบโต งอกงาม ใหญ่ขึ้น เพิ่มจำนวน
墨,สีดำ หมึก
墮,ตกลงใน
墮不如,การล่มสลายที่ไม่มีใครเทียบได้
墮舍迦,วิศาขา นางวิสาขะ
墮落,ตกต่ำ
墾,เพาะปลูก ปรับพื้นที่รกร้างว่างเปล่า ไถพรวน ทำเกษตร
壓,กด บังคับ
壓油,หีบหรือเจียวเอาน้ำมัน
壞,ทำลาย. เสื่อม
壞色,สีหม่น ทำลายสี สีเสีย
士,ผู้ดี สุภาพบุรุษ นักวิชาการ ปราชญ์ บัณฑิต
壯,แข็งแกร่ง
壯少,เวลาหนุ่มสาว
壯色,หล่อเหลา สวยงาม กำลังวังชารูปร่างหน้าตา
壽,มีอายุยืนยาว
夏,วรรษากาล ฤดูฝน แปลตรงว่า ฤดูร้อน
夏坐,เข้าวรรษา เข้าพรรษา นั่งธยานฤดูร้อน
外,นอก
外道,นอกศาสนา เดียร์ถีย์
外道典籍,พาหิรกถา คำสอนนอกศาสนา
多,มากมาย หลาย
多婬,มักมากในกามราคะ
多所作,กระทำที่หลากหลาย วุ่นวายทำหลายอย่าง
多瞋,มักโกรธ
多聞,พหูสูตร
多食飽時,เวลากินอิ่ม
夜,คืน ราตรี กลางคืน
夜叉,ยักษ์
夜叉大神,ยักษ์ผู้มีฤทธิ์ใหญ่
夢,ฝัน
大,ใหญ่ มหา
大三昧,สมาธิอันยิ่งใหญ่ มหาสมาธิ
大乘,มหายาน
大乘經律,พระสูตร พระวินัย แห่งมหายาน
大勇猛,มหาวีระ กล้าหาญอย่างยิ่ง
大喜,มหามุทิตา
大國,มหาชนบท
大地,มหาปฐพี แผ่นดินใหญ่
大姓,มหาสกุล ตระกูลใหญ่ มีอิทธิพล
大威德,มีอานุภาพยิ่งใหญ่ มีฤทธิ์เดชมาก
大宅舍,คฤหาสน์ บ้านหลังใหญ่
大導師,มหานายก มหาศาสดา
大德,ท่านผู้เจริญ
大心,มหาจิต
大悲,มหากรุณา
大慈,มหาไมตรี 
大捨,มหาอุเบกขา
大方廣佛華嚴經,พุทธาวตังสกะ มหาไวปุลยสูตร 
大梵,ท้าวมหาพรหม
大海,มหาสมุทร มหาสาคร มหรรณพ
大火,มหาอัคคี เพลิงไหม้ไปในวงกว้าง ลุกลามรุนแรง
大神,เทพเจ้าผู้ยิ่งใหญ่ วิญญาณผู้ยิ่งใหญ่ มีฤทธิ์ใหญ่
大福,บุญญาธิการ เอื้อเฟื้ออย่างยิ่ง มีบุญมาก ศักดิ์สิทธิ์ ดีงาม มงคลที่สุด
大臣,มหาอำมาตย์
大蒜,กระเทียม (ลศุน) 
大覺,มหาพุทธิ
大解,กำไรหรือผลประโยชน์มหาศาล 
大護明大陀羅尼經,มหามันตรานุสาริณี มหาธารณี อันเป็นวิทยาแห่งการคุ้มครองอันยอดเยี่ยม
大願,มหาประณิธาน
天,เทวดา สวรรค์
天下,ลุ่มฟ้า โลก ต่ำจากสวรรค์ ใต้หล้า
天下人民,มนุษย์โลก
天中之天,เทวดาของพวกเทวดา เจ้านายของเทวดา พุทธเจ้า
天光,ทิพยประภา การส่องสว่างจากสวรรค์ ดวงอาทิตย์
天女,เทพเทวี เทพกันยา
天帝釋,ศักระ อินทร์ จอมเทพ
天所尊重,คุรุเทพ ครูของพวกเทวดา
天王宮,เทวราชมณเฑียร ทิพยวิมาน
天衣,เสื้อผ้าทิพย์ ทิพยพัสตร์
天諸采女. ,ทิพยอัปสรา นางสวรรค์ เทพธิดา ทั้งหลาย
太子,อุปราช กุมารราช มกุฏราชกุมาร
夫,ผู้ชาย สามี สวามี บุรุษ
夫士,สัตบุรุษ
失,จะหลุด หาย ไม่รู้จัก
失時,เวลาสูญเสีย .เสียเวลา เสียโอกาส พลาดโอกาส ผิดเวลา
失譯,ไม่ทราบผู้แปล
奇技,ศาสตร์ลี้ลับ ไสยศาสตร์
奉,รับทั้งสองมือ สนองพระบรมราชโองการ ทูล
奉事,อุปจาระ การปฏิบัติบูชา
奉持,ระลึกถึง.ทรงจำ.รักษา.ด้วยความเคารพ
奉詔譯,มีพระบรมราชโองการนิมนต์ไให้แปล 
奏,ประกาศ ป่าวร้อง ประโคมข่าว ฉลอง บรรเลง
奔,วิ่ง ควบไป เร่งรีบ
奪,ถูก ฉก ฉวย ลัก
女,สตรี. มาตุคาม
女,สตรี ธิดา นารี
女色,ความงามของผู้หญิง
奴,ทาส ข้ารับใช้
奴婢,ทาสทาสี ทาสชายหญิง
好,ดี
好心,จิตใจดีงาม จริงใจ ทัศนคติที่ดี ความตั้งใจดี.
好觸,น่าสัมผัส ความรู้สึกสัมผัสที่ดี
好醜,มีเสน่ห์และน่าเกลียด สวย ขี้เหร่
如,ดุจดัง ถึง เข้าสู่
如,เช่น เช่นว่า เป็นเช่นนั้น
如佛,ดุจ เหมือน พระพุทธเจ้า
如來,พระตถาคตเจ้า
如來力,ตถาคตพลญาณ 
如來智慧,ปัญญาญาณ ปรีชาหยังรู้ของพระตถาคต
如來正覺,พระตถาคตสัมยักสัมพุทธเจ้า
如是,เช่นนี้
如是十戒，應當學，敬心奉持,จงพึงฝึกศึกษาใน ๑๐ สิกขาบทเหล่านี้ ด้วยจิตที่เชื่อฟังและทรงจำรักษาไว้ด้วยความเคารพ 
如是十戒，應當學敬心奉持,จงพึงฝึกศึกษาใน ๑๐ สิกขาบทเหล่านี้ ด้วยจิตที่เชื่อฟังและทรงจำรักษาไว้ด้วยความเคารพ 
如是十戒應當學敬心奉持,จงพึงฝึกศึกษาใน ๑๐ สิกขาบทเหล่านี้ ด้วยจิตที่เชื่อฟังและทรงจำรักษาไว้ด้วยความเคารพ 
如是言,กล่าวเช่นนี้ว่า
如是語人,บุคคลที่พูดเช่นนั้น
如法,ตามธรรม ชอบ.เชื่อฟัง.ตามธรรม
如法修行,เพื่อปฏิบัติตามคำสอนของพระพุทธเจ้า
如法治,ปรับ ทำให้ถูก ตามธรรม
妄,โกหก
妄作,แสร้งตอบไม่จริง
妄語,กล่าวคำอันเป็นเท็จ
妓,หญิงบริการ โสเภณี (นักดนตรี หรือนักรำหญิง)
妓樂,ดนตรี คนธรรพ์
妙,ประณีต โสภา
妙光,วรประภา แสงมหัศจรรย์
妙光堂,สมันตประภาสปราสาท ที่มีรัศมีอันส่องไปทั่วสกลจักรวาล
妬嫉,อิจฉาริษยา
妹,น้องสาว
妻妾,ภรรยาคู่ครอง ภรรยาและสนม
妻子,ภรรยา
姊,พี่สาว
始,จุดเริ่มต้น อันดับแรก เบื้องต้น จากนั้น
姓,โคตร ชาติ
姦,ผิดประเพณี ประเวณี ผิดศีลธรรม
威,อานุภาพ เดช ศักดิ์ อำนาจ
威儀,ความประพฤติ อิริยาบถ พฤติกรรมที่เหมาะ มารยาท อาจาระ
娉,สู่ขอ หาภรรยาสามีให้ จัดให้สมรสหมั้นหมาย
娑,ร่ายรำ 
娑婆世界,สหาโลกธาตุ
婆伽婆,พระผู้มีพระภาคเจ้า ภควันต์
婆羅門,พราหมณ์
婆蹉, (Skt. Matsya)
婦,สตรี ภรรยา
婬,เมถุน อพรหมจริยา ราคะ
婬女,โรงโสเภณี นางคณิกา ซ่อง
婬妷,กามราคะ
婬欲,กามราคะ เมถุน
嫌,ไม่ชอบ ไม่พอใจ เกลียด ชัง สงสัย หลีก
子,บุตร
子婦,บุตรสะใภ้
孔,เปิด รู หลุม ถ้ำ ปาก
字,คำ อักษร นาม การเขียน
存,มีอยู่.ยังคง.เก็บ.บำรุง.รักษา
存念,ระลึกถึง รักษาในจิตใจ ยึดเหนี่ยวจิตใจ
孝,กตัญญู เคารพ อุปการะ
孝順,เคารพกตัญญู
學,เรียน ศึกษา สิกขา เสขิยะ
學問,ศึกษาหาความรู้
學習,ศึกษา เรียนรู้
學通達,เรียนรู้ให้แจ้งแทงตลอด เรียนรู้เชียวชาญ
宅,ที่พัก ที่พำนัก ที่อาศัย
宅舍,บ้าน ที่พำนัก คฤหะ
守,เก็บ รักษา
安,นิ่งอยู่
安樂,สงบสุข เกษมสุข สวัสดิ์
安獲,ย่อมได้รับ
安隱,เกษม
宋,ราชวงศ์ซ่ง
宋錄,บันทึกราชวงศ์ซ่ง
宗,หลักการ เป็นหลัก หัวหน้า สังฆราช ผู้นำ
官,เจ้าหน้าที่
定,สมาธิ กำหนด
定當,กำหนดรู้ได้
宜,เหมาะสม สมควร
客,อาคันตุกะ แขก
客僧,สงฆ์ฝ่ายอาคันตุกะ ผู้มาเยือน
宣,แสดงความคิดเห็น อธิบายชี้แจง ให้ทราบโดยทั่วกัน ประกาศ โพนทนา
宮,วัง ราชฐาน
宰相,มุขมนตรี
害,เบียดเบียน ทำลาย เกลียดชัง ทำอันตราย
害心,อาฆาตพยาบาท ประสงค์ร้าย มุ่งร้าย
家,บ้าน
宿,ค้างคืน
宿命,ดำรงอยู่ก่อน ชาติที่แล้ว บุพนิวาส 
寂,สันติ นิพพาน วิมุตติ
寂滅,ความสงบระงับ นิโรธ นิพพาน
寂靜處,สันติบท ศานฺติ-ปถ ส่วนแห่งความสงบ คือพระนิพพาน 
寄付,ไว้กับ สนับสนุน บริจาค เป็นที่พึ่ง
寄宿處,ที่พักชั่วคราว บ้านพัก โรงแรม
富,รวย เศรษฐี
富時,เวลาร่ำรวย
富羅,รองเท้าบูทแบบสั้น ที่ประดับตกแต่ง รองเท้าปูละ
富貴,มั่งคั่ง ทรัพย์สมบัติ โภคทรัพย์ ไอศวรรย์
寐,นอนหลับ
寒,หนาว เย็น
寒時,เวลาหนาว
察,พิจารณา ทดสอบ สอบสวน
察視,ตรวจสอบ ดูก่อน
實,จริง สัจจะ ผล
實叉難陀,ศึกษานันทะ
寧, ยังดีกว่า มันคืออะไร ทำไม จริงหรือ ค่อนข้าง จะ หยุด พัก
寧以,ยังจะดีกว่าที่จะ
寧以此,ยังจะดีกว่าที่จะทำเช่นนี้
寫,คัดลอก
寶,มณีรัตนะ ทรัพย์สิน เงินทอง
寶山王,มหารัตนบรรพตราชา
寺,สังฆาราม อาราม
射,ยิงลูกศร ยิงธนู
將,นำ จะ
將付,จักส่ง
專,ตั้งมั่น มุ่งมั่น
尊,ประเสริฐ อัคร อารยะ อริยะ
尊剎,โลกธาตุอันประเสริฐ
尊敬,เคารพ ภักดี
尊神,ฤทธิเทพ
尊者,อายุษมาน เถระ ภันเต อารยะ พระคุณเจ้า
尊者阿難陀,พระอานนท์เถรเจ้า พระคุณเจ้าอานนท์
尊重,บูชายิ่ง นอบน้อม
尊重,ความเคารพ ปฏิบัติด้วยความจริงจัง ครู ปรนนิบัติครู บวงสรวง 
尊重法,เคารพพระธรรม
尋,ค้นหา สืบสวน
對,ตอบ ตรงกัน
對首,เผชิญหน้ากัน สารภาพ ประติเทศนียะ
導,นำทาง ชี้แนะ
小,น้อยนิด นิดหน่อย
小姓,ชาติตระกูลต่ำ
少,น้อย เล็ก
少作多說,ผู้ที่พูดมากแต่ทำน้อย
尚,ขอ ยัง ยิ่ง ยก 
尚不,ยังไม่ นอกจากนี้ยังไม่
就,แล้ว เมื่อนั้น ที่จะ
就座,นั่งเถิด
尸波羅蜜,ศีลปารมิตา
尼,ชี ภิกษุณี
尼師檀,ผ้านิษีทนะ
尼民陀羅山,ภูเขานิมินธร
尼民陀羅山王,ภูเขานิมินธรบรรพตราชา
尼薩耆,ไนสรรคิกะ
尾薩囉哆,วิสรต วิสะระตะ
局,การเล่นหมากรุก
居,อาศัยอยู่
居士,คฤหัสถ์ คฤหบดี อุบาสก ไวศยะ
居士婦,คฤหัสถ์หญิง คฤหปัตนี หญิงที่เป็นเจ้าบ้าน ภรรยาของคฤหบดี
居樓,(Skt. Kuru)
居薩羅 ,(Skt. Kośala 或 Kosala)
屈,ทำให้งอ ทำให้ยอมแพ้ ทำให้พ่ายแพ้
屋,ศาลา อาคาร เรือน
屍,ศพ
屏,บัง กั้น
屏處,สถานที่ลับ
展,ขยาย ยืดออก เปิด เกี่ยวข้อง อธิบาย
展轉食,ปรัมปรโภชนะ อาหารอันเขานิมนติภายหลัง อาหารตามมาภายหลัง
屛,บัง กั้น
屠,ฆ่าสัตว์ ชำแหละ
屠兒,คำดูถูกสำหรับคนขายเนื้อ เชือดสัตว์
履,ทางจะก้าวเดิน. ที่จะทำจริง สวม การกระทำ พฤติกรรม รองเท้า กางเกง
履行,เติมเต็ม ดำเนินการ (งาน ข้อตกลง) พฤติกรรม 
屬,ที่เป็นของ แนบไปกับ เกี่ยวข้องกับ
山,ภูเขา
山崩,ภูเขาถล่ม
山王,มหารัตนบรรพตราชา บรรพตราชา คีรีราชา 
崩,พังทลาย ยุบ
嶮,อันตราย
嶷,เฉลียวฉลาด มีปัญญา
川,แม่น้ำ ลำคลอง
工巧,ศิลปวิทยาการ งานฝีมือ 
巧匠,ช่างผู้ชำนาญ นายช่างผู้เชี่ยวชาญ
巧鑽,เจาะอย่างชำนาญ
巫醫,พ่อมดหมอผี หมอยาหมอผี
差,ใช้ให้ จ้าง ส่ง มอบหมาย รักษาให้หาย
差別得名,ได้รับชื่อที่แตกต่างกันไป
己,ตนเอง ฉัน ของตน ข้า
已,แล้ว เสร็จ
已學,ศึกษาแล้ว
已說,บอก ตรัส แสดงแล้ว
市,ตลาด
市易,ธุรกิจค้าขาย
布,ปู เผื่อแผ่ แพร่ไป ขยาย
布施,การให้ ทาน 
布薩,โปษธะ
帖,มัด ติดกาว กดลง พิมพ์ วางลง ตัดสิน กำหนด
帝釋,พระอินทร์
帝釋宮,ปราสาทไวชยนต์ของพระอินทร์
師,ครู
師僧,สงฆ์ผู้เป็นครูบาอาจารย์ สงฆ์ควรนับถือ อุปัชฌาย์ อาจารย์
師子,สิงห์ 
師子座,สิงหาสนะ เครื่องปูลาดอาสนะด้วยสิงห์
師長,ครูอาจารย์
席,ที่่ปูรอง เสื่อ
帶,บรรจุ ไปด้วย บรรทุก พกพา
常,เสมอ ตลอดเวลา เป็นนิตย์ ถาวร ไม่เปลี่ยนแปลง ปกติ ธรรมดา
常住,ดำรงอยู่เป็นนิตย์
常作,ทำกิจ การ งาน อย่างสม่ำเสมอ
常應發一切願,ควรตั้งประณิธานทั้งปวงเหล่านี้อยู่เสมอ
常有,มีอยู่อย่างถาวร มีอยู่เป็นนิตย์
常用,สิ่งของ การใช้เป็นประจำ ใช้ทุกวัน
常與,เสมอไปกับ ติดตัวเสมอ
常觀察,พิจารณาอยู่เสมอ
幃帳 ,ผ้าม่าน ผ้าดาดเพดาน 
幡,ธงทิว ผ้าแขวน (ในทางศาสนา)
幢,ธง ธวัช เกตุ
平,เที่ยงตรง
平等,เสมอกัน เท่าเทียมกัน
平量,เปรียบเทียบ
年,ปีจันทรคติ ปี
年宿,อายุมาก อาวุโส วัยวุฒิ
年少,อายุน้อย 
年滿二十,๒๐ ปีบริบูรณ์
年衰老時,เวลาแก่เฒ่าชรา
并,กับ รวมกัน และ
幻師,นักมายากล มายาการ
幻術,มายา มายากล 
床,เตียงตั่ง
序,นิทานกถา บทนำ
度,ข้าม สู่ บรรลุมรรคผล ปารมิตา ช่วยเหลือ รักษา
座,เครื่องปูลาดอาสนะ
庶民,สามัญชนคนทั้งปวง
廅樓亘,อวโลกิเตศวร
廅樓亙,อวโลกิเตศวร
廅樓亙,Avalokitêśvara
廣,กว้างขวาง ไพบูลย์ พิศดาร
廣慧,ปัญญาอันไพบูลย์ กว้างขวาง
廣明,ขยายความให้กระจ่าง
廣開,อย่างกว้างขวางเปิดเผย กระจ่างลึกซึ้ง
建立,สถาปนา ยก ตั้ง วางตัว ก่อรูป ริเริ่มก่อตั้ง
廻向,ปริณามนา ปตฺติทาน ปตฺตานุโมทนา
廼,เป็น.กล่าวคือ . . . คือ. คุณ .ไป. ครั้งแรก ที่เรียกว่า
弄,เล่น ละเล่น กีฬา
式叉摩那,ศิกษามาณา สิกขมานา 
式棄,พระศิขิ
弓,ธนู
引,นำ แนะนำ ส่งเสริม ผลักดัน นำมาใช้ แก้ไข
弟子,ลูกศิษย์ ผู้ติดตาม อันเตวาสิก
張,ยืดออก แผ่ขยาย อ้าออก
強,แข็งแกร่ง. เข้มงวด. มีพลัง. รุนแรง. เพื่อบังคับให้.
彈,ยิงกระสุนใส่ ดึงสายธนู
彌,เต็ม แผ่ไปทั่ว
彌勒,ไมเตรยะ
形像,พระปฏิมา
形勢,อำนาจและตำแหน่ง
彼,นั่นแหละ ที่ อื่น ๆ เขา อนาคต พระองค์
彼比丘,ภิกษุรูปนั้น ภิกษุอื่น
往,ไป 
往來,ไปมาหาสู่ ติดต่อ สื่อสาร แลกเปลี่ยน เข้าออก อนาคามี
往觀,ไปดู ไปสังเกต
往詣,ที่จะไปเยี่ยมชม เยียมเยือน
待,รอ คอย
律,พระวินัย
後,หลังจาก 
後代,ลูกหลาน คนรุ่นหลัง คนรุ่นอนาคต.
後來,หลังจากนั้น มาหลัง
後秦,ราชวงศ์โฮ่วฉิน
徐,ช้าๆ ง่ายๆ อย่างตั้งใจ สำรวมสง่างาม ผ่อนคลาย ใจเย็นๆ สงบ
徒,ลูกศิษย์ เดินตาม สหาย พวกพ้อง ฝูง สมัครพรรคพวก
徒設,ไร้ประโยชน์
得,ได้ รับ สามารถ รู้
得安樂,รับความสงบสุข
得差,ได้รับการรักษา
得戒,รับศีล
得新衣,รับจีวรใหม่
得時,เวลาได้มา
得破,แตกเป็นเสี่ยง ๆ เจาะ ทำลาย; หักล้าง
從,ตาม ปฏิบัติตาม จาก อาศัย
從彼,จากนั้น
御,ขับยาน
復,อีก อีกครั้ง คืน กลับ
復作是念,คิดอีกว่า นึกคิดเช่นนี้อีก
復作是願,จากนั้นพึงตั้งประณิธานอย่างนี้อีกว่า
復從座起,ในอีกครั้งพระองค์ทรงลุกจากพระแท่นนั้น
復應問言,ก็ควรถามต่อไปอีกว่า
復應問言,ก็ควรถามต่อไปอีกว่า
微,เล็กน้อย
微塵,มากมาย เช่น อนุภาค ฝุ่นผง ปรมาณู ละอองอณู
微塵數,จำนวนเท่ากับละอองธุลีปรมาณู
微妙,ละเอียดอ่อน ลึกซึ้ง มหัศจรรย์ ยอดเยี่ยม
德,คุณแห่ง บุญ อานิสงค์ ผลบุญ
徹,โปร่งใส ทะลุปรุโปร่ง
心,จิต ใจ
心地,จิตตภูมิ
心廣大,จิตใจกว้างใหญ่
心念,จิตระลึกถึง. ทรงจำ. กำลังครุ่นคิดอยู่
心情,สติอารมณ์ จิตใจ
心惡,ใจร้าย ทราม อกุศล คิดชั่ว
心背,ใจหันเหออกจาก
心苦,ทุกข์ใจ
心開,จิตที่ตื่นขึ้น
必,ต้อง
必須,จำเป็นต้อง ขาดไม่ได้.
忍,อดทน
忍辱,ความอดทนอดกลั้น อดทนต่อคำดูหมิ่น
志,ปณิธาน จะ แก้ปัญหา เจตนา กำหนด มุ่งมั่น
志求,ตั้งใจ หรือมุ่งแสวงหา ตั้งเป้าหมาย ปณิธาน ปรารถนาอย่างแน่วแน่
忘,ลืม
快,ยินดีเพลิดเพลิน พึงพอใจ จิตใจดี สดชื่น
念,สติ ความคิด จำได้หมายรู้
念力,สติพล
念念,ในทุกขณะจิต
念惡,คิดชั่ว มโนทุจริต
念慧,สติปัญญา
念言,คิดเป็นคำพูด คำนึงคิดว่า
忽,ฉับพลัน
怒,ที่จะโกรธ
怖,ภัย อุปัทวะ ความกลัว
怖時,เวลากลัว
怖畏,ภัยความกลัว
思,คิดเกี่ยวกับ
思惟,คิด ใคร่ครวญ ไตร่ตรอง คิดพิจารณา
思義,วิจารณญาณ ไตร่ตรองเหตุผลที่ถูกที่ควร
急,รีบ
急施衣 ,อัจเจกจีวร จีวรรีบร้อน ผ้าด่วน อาตยายิกะ 
性,ภาวะ ธาตุ โคตร
性戒,ปฺรกฤติศีล
怨,เวร ศัตรู จองเวร 
怨親,เกลียดชังและเสน่หา ศัตรูและญาติมิตร
怪,แปลกประหลาด วิปริตแปรปรวน
怯,ขี้ขลาด สะดุด
恃,ที่จะพึ่งพา ที่จะไว้วางใจ
恆河,แม่น้ำคงคา
恆河沙,เม็ดทรายในแม่น้ำคงคา
恐,น่ากลัว อันตราย ความเสี่ยง 
恐怖,ภัยอันตราย น่ากลัว
恐懼,หวาดกลัว ภัย
恒,สม่ำเสมอ คงที่
恒常,เสมอไป ตลอดเวลา ไม่เปลี่ยนแปลง
恒河,แม่น้ำคงคา
恒河沙,เม็ดทรายในแม่น้ำคงคา
恚,โกรธ โทษะ
恣,หมกมุ่น ขาดความยับยั้งชั่งใจ เห็นแก่ตัว ตามอำเภอใจ ไม่สำรวมระวัง
恨,เกลียดชัง คับแค้น โกรธเคือง จองเวร อาฆาตพยาบาท
恩,ผู้อุปการะ รัก เมตตาเอ็นดู
恭,เคารพ นับถือ
恭敬,เคารพ
息,หยุดหย่อน ผ่อนปรน พัก สงบ
悅,พอใจ ยินดี
悉,ทั้งปวง
悉共,พร้อมเพรียง พร้อมหน้า รวมกันทั้งหมด
悉皆,ทั้งสิ้นทั้งปวง
悉達,สิทธารถะ
悋,ขี้เหนียว ตระหนี่
悋惜,ตระหนี่ เห็นแก่ตัว หวงแหน ไม่เต็มใจ
悔,เสียดาย เสียใจ รู้สึกผิด
悟,รู้แจ้ง
患,หายนะ เดือดร้อนหรือเป็นทุกข์ วิตกกังวล
患惱,ทุกข์ กลุ้มใจ
悲,กรุณา
悲心,กรุณาจิต
悲愍,กรุณา การุณย์ เอ็นดู
情,มนัส ความรู้สึก
惑,หลงผิด ความสงสัย
惜,ประหยัด ตระหนี่ เสียดาย หวงแหน
惜身命,เสียดายชีวิต หวงแหนชีวิต
惟,คิด .แต่ว่า มาตรว่า
惟逮波羅蜜,วีรยปารมิตา
惠,ให้พร ประโยชน์ รับเอา
惡,บาป อกุศล
惡力,มีกําลังน้อย(ทุรพล) อำนาจน้อย
惡名,เกียรติยศเสื่อมเสีย ได้รับความอับอาย
惡心,อกุศลจิต
惡業,อกุศลกรรม
惡業之報,ผล.วิบากแห่งอกุศลกรรม
惡法,อกุศลธรรม
惡罵,คำหยาบ 
惡色,มีรูปลักษณ์ผิวพรรณทราม
惡處,อบาย
惡見,ความเห็นผิด
惡露,อสุภะ ไม่งาม ไม่สวย
惰,เกียจคร้าน เฉื่อยชา
惱,รบกวน. รำคาญ. เดือดร้อน
惱他,สร้างความเดือดร้อน รำคาญให้ผู้อื่น
想,สัญญา ความจำได้หมายรู้ ความคิด
愁,ความปวดร้าวใจ กลัดกลุ้ม ปวดหัว
愍,กรุณา สงสาร
愍念,การุณย์ เอ็นดู ความสงสาร
意,จิต ใจ ความประสงค์
意所,ด้วยใจ
意業,มโนกรรม
意識,มโนวิชญาณ
愚,พาล หลง โง่ ไม่รู้
愛,รักใคร่ กามราคะ
愛念,ที่จะรัก มีจิตรักใคร่ 
愛敬,รักเคารพเชื่อฟัง
愛語,วาจาอันเป็นที่รัก ถ้อยคำไพเราะ ปิยวาจา 
愧,อับอาย ขายหน้า อัปยศ อดสู
慈,เมตตา ไมตรี เป็นมิตร
慈心,ไมตรี.เมตตากรุณาจิด 
慈葱,ผักคฤญชนะ (พืชจำพวกกระเทียมต้น)
慊,เดิม สงสัย ไม่พอใจ แย่ ความหมายใหม่ คือ พอใจ
慍,โกรธ ไม่พอใจ เจ็บใจ เก็บความแค้น
慎,ด้วยความรอบคอบ ระมัดระวัง เอาใจใส่
慕,โหยหา รักมาก ผูกพัน
慚,ละอาย (ต่อบาป)
慚愧,ละอาย ละอายและเกรงกลัว หิริโอตัปปะ
慢,มานะ ถือตัว
慧,ให้ความเมตตากรุณา อ่อนโยน ให้ทรัพย์ ผลประโยชน์แก่ผู้คน ความฉลาด 
慮,คิดว่า
慳,ความตระหนี่
憂,ร้อนใจ โศก โทมนัส โศก เป็นทุกข์
憂苦,ทุกข์โทมนัส ทุกข์โศก
憍,หยิ่งยโส โอหัง เย่อหยิ่ง อวดดี
憍慢,อภิมานะ ความเย่อหยิ่ง ความสำคัญตัว ความถือตัว.
憎,พยาบาท เกลียด ชัง
憐,สงสาร เห็นใจ
憐愍,โปรดอนุเคราะห์ เมตตา กรุณา
憶,จดจำ ระลึก นึกออก
懅,ตระหนก ตกใจ ผวา ตระหนก
懅時,เวลาไม่สบายใจ ตื่นตระหนก
懈,เกียจคร้าน
懈怠,ประมาทเลินเล่อ ขี้เกียจ ไม่ตั้งใจ
懈慢,ความเกียจคร้าน ประมาทเลินเล่อ และอวดดี
應,ควร
應作是言,ควรกล่าวคำดังนี้ คุณควรพูดแบบนี้
應器,ภาชนะอันควร บาตร
應攝,ควรจะเก็บไว้ ควรรับถือไว้
應當,พึงต้อง ควรต้อง
應當學,พึงฝึกศึกษาในข้อนี้
應當學，敬心奉持,จงพึงฝึกศึกษา ด้วยจิตที่เชื่อฟังและทรงจำรักษาไว้ด้วยความเคารพ
應當學敬心奉持,จงพึงฝึกศึกษา ด้วยจิตที่เชื่อฟังและทรงจำรักษาไว้ด้วยความเคารพ
懶惰,ความเกียจคร้าน เฉื่อยชา
懷,โหยหา ถึงในจิต
懷疑,น่าสงสัย กังขา พิรุธ หวาดระแวง
懺,กลับใจ สำนึกผิด เสียใจ สำนึกบาป ขมา
懺悔,แสดงอาบัติ แสดงบาป สารภาพ สำนึกผิด
懺謝,กลับใจ ขอโทษ ขอขมา
戀,เสน่หา
成,สำเร็จ บรรลุ 
成佛,ตรัสรู้ อภิสัมโพธิ
成就,สำเร็จแล้ว
成正道,บรรลุสัมมามรรค
成無上覺,บรรลุอนุตรสัมยักสัมโพธิ
我,ข้าพเจ้า แห่งตน ของตน
我今向大德悔過,บัดนี้กระผมอยู่เบื้องหน้าท่านผู้เจริญ เพื่อกล่าวแสดงความสำนึกผิดนั้น
我佛法,พระธรรมของพระพุทธเจ้าของเรา
我曹,พวกเรา ชาวเรา
我犯可呵法,กระผมทำผิดในธรรมที่น่าติเตียน
我知,กระผมรู้ว่า
戒,ศีล. สิกขาบท
戒經,ปราติโมกษ์สูตร
戒聞,ศีลแลสุตะ
戒藏,ศีลสกันธะ ศีลขันธ์
或,บาง (ครั้ง ที คน) ไม่แน่นอน
截,ตัด สับ เฉือน
戰,สงคราม
戲,การละเล่น เล่นกีฬา เอาอกเอาใจ การแสดงมหรสพ
戲論,ประปัญจธรรม ปปัญจะ
戴,สวมใส่ (บนศีรษะ) 
戶扉,ประตู แผงกั้น
房,กุฏิ
房舍,วิหารอันเป็นที่พัก
所,สิ่งนั้น โดยที่ สถานที่ ถูก(วัตถุ)
所不應作,สิ่งนั้นไม่ควรกระทำ
所不應為,ซึ่งเป็นสิ่งที่ไม่ควรกระทำ 
所作,สิ่งที่ทำ งานที่ดำเนินการ หน้าที่
所成,ที่ประกอบขึ้นจาก ที่สำเร็จด้วย
所生,ผู้ให้กำเนิด สิ่งที่ผลิตขึ้น สิ่งที่ให้มีขึ้น
所示,ที่จะอธิบาย นำเสนอ แสดง ให้คนอื่นเห็น
所稱歎,ประกาศ ยกย่อง ชมเชย สรรเสริญ
所謂,ที่เรียกว่า ได้แก่
所須,ตามความจำเป็น เพียงพอ คาดหวังว่า รอคอยว่า
手,มือ
手執,จับด้วยมือ
手巾,ผ้าอาบน้ำ
打,ทุบตี
承,รับ สืบทอด แบกรับ รับผิดชอบ อุปถัมภ์
承事,อุปจาระ บำรุงอุปัฏฐาก บูชาและการปรนนิบัติ รับใช้ เชื่อฟัง ปฏิบัติศาสนกิจ
承迎,ต้อนรับ
技藝,ศิลปะ ทักษะ ฝีมือ
抄,คัดลอก ถอดความ
把,คว้า ฉกฉวย
投,โยนเข้าไป ยอมจำนน อ่อนโยน
投壺,การเล่นโยนลงหม้อ
折,ขาด บิด 
披,ปูออก คลี่ออก (เป็นเสื้อคลุม) สวมชุดคลุม
拍,ตบด้วยมือ
拔,ถอน ดึงออก
拔沙,(Skt. Vatsa).
拔祇,(Skt. Vṛji)
拘樓檀,คุรุทักษิณา
拘留孫, พระกระกุจฉันทะ
拘薛羅,แคว้นโกศล
拘那含牟尼,พระกนกมุนี
招,เชิญ กวักมือเรียก
招提,เขตอาราม 4ทิศ ของสงฆ์ จตุรทิศ
招致,เกิดขึ้น นำมาซึ่ง ทำให้สำเร็จ ดำเนินการ เชิญ
拜,กราบไหว้ บูชา
持,ยืนยัน ทรงจำ เก็บ รักษา ควบคุม วาง จับ สมาทาน 
持佛法,ดำรง ธำรง รักษาพุทธธรรม
持八戒,สมาทาน รักษาศีลแปด
持戒,สมาทาน รักษาศีล
持政,ถือตามนโยบาย ยึดตามธรรม ถือตามหลักการ รัฐบาล
持是,ด้วยการถือ.รักษา.สิ่งนี้.อย่างนี้
持正,ยึดตามธรรม เพื่อสนับสนุนสิ่งที่ถูกต้อง
持齋戒者,ผู้ที่สมาทานหรือรักษาศีลโปษธะ
指,นิ้ว
指授,นำ ชี้นำ ถ่ายทอด สอน สั่ง
挑,ควัก วางไว้ ยก จัดแสดง กวน ยั่วยุ จะดวล
振,เขย่า สั่น สลัด สบัด
挽,ดึง รั้ง
捉,รับ จับ
捨,ละทิ้ง ยกเลิก ปล่อย สละ ปล่อยปละละเลย ละ
捨俗,สละเรือน ละเพศฆราวาส
捨墮,ตกสละ นิคสัคคียะ
捨此身,ทิ้ง สละร่างกายนี้
捨財,สละเงินทอง
捨財與之,ให้ทรัพย์สมบัติ.เงิน.กลับคืน
捶,เฆี่ยน
掃,กวาด ปัด ถู
授,ให้ มอบ 
授戒,ให้ศีล บวชให้
掘,ขุด
採,เลือก เก็บ
接,นำมาด้วย รับมา 
推,ผลักดัน ไล่ออก หลบหน้า ปฏิเสธ ยอมจำนน ให้ แนะนำ
推步,พยากรณ์คำนวณทางโหราศาสตร์ การโคจรของดวงดาว
揀,เลือก คัดสรร
揀擇,เลือกปฏิบัติ เลือกเอาส่วนดีหรือใหญ่กว่า เลือกเฉพาะ 3
揚,ให้ ยก ชู
揣,ประมาณ ประเมิน คาด
搆,ทำให้เกิด นำไปสู่ ที่จะสร้าง ทำให้ขุ่นเคือง ล้างแค้น
損,ปฏิเสธ สูญเสีย ทำอันตราย ใส่ร้าย เหยียดหยาม ดูหมิ่น ติเตียน
搏,กางมือจะตบตี เงื้อมือขึ้น
携,การจับมือ จูง
携手,จูง จับ บีบมือ
摩,ให้สัมผัส รู้สึก จับ ถู แตะ ใกล้
摩伽陀國,แคว้นมคธ
摩尼珠,แก้วมณี มณีรัตนะ
摩竭,แคว้นมคธ
摩竭陀,(Skt. Magadha)
摩耶,มายา
摩訶般若波羅蜜,มหาปรัชญาปารมิตา
摩訶薩,มหาสัตว์
摩訶衍,มหายาน ทับศัพท์
摩訶那鉢,มหาสถามปราปต์
摩訶那鉢,Mahāsthāmaprāpta
摩醯首羅,มเหศวร
摴蒱,การเล่นการพนันขันต่อด้วยการเดินเบี้ย ทอดลูกบาศก์
摴蒲,การเล่นสะกา ทอดลูกบาศก์เดินเบี้ย
撃攊,จี้ จี้เอว
擇,เลือก
擊,ทุบตี
擊,ตี โจมตี
擔,พกพา พาไป พาหนะ
擘,แยก แตก ผ่า สาง แบ่ง
擧,ยกด้วยมือ. เริ่มต้น. ย้าย. แนะนำ. ไปสู่.
擧,ยกขึ้น
擧著,จับวาง
擧足,ก้าวเท้า ยกเท้า
擬,ประมาณการ คาดเดา ตัดสิน
擯,ขับไล่ ปฏิเสธ ส่งออกไป
擲,โยน
擲石,ขว้างก้อนหิน (การละเล่น)
攊, ยึด ถือไว้ในมือ
攝,บรรจุ ถือ มี รวมเข้า ควบคุม กำกับ เอาใจใส่
攝心,ตั้งจิต จิตใจที่มั่นคง รวบรวมจิตใจ มุ่งสนใจ
支,คอยพยุง ประคับประคอง แยกออก สาขา แขนขา 
支命,ยังชีพ ดำรงชีวิตอยู่ได้
支提, (Skt. Ceḍi)
攻伐,ต่อสู้
放,ปล่อย
放光明,แผ่รัศมี
放大光明,เปล่งรัศมีอันรุ่งโรจน์ยิ่งใหญ่
放火,จุดไฟ วางเพลิง
放生,ปลดปล่อยสัตว์
放逸,ประมาท เลินเล่อ
政事,กิจการของรัฐ
故,ก็เพราะ.จากสาเหตุ.เจตนา. เก่า เดิม
故妄語,เจตนากล่าวคำเท็จทั้งที่รู้ตัว
救,จะช่วยรักษา คุ้มครอง คุ้มกัน ป้องกัน
救護,เพื่อปกป้องและรักษา ปกปักรักษา พิทักษ์รักษา
教,สั่ง. สอน
教人殺,สั่งให้ผู้อื่นฆ่า
教以世事,สั่งสอนเรื่องกิจทางโลก
教授,แนะนำ สั่งสอน (ธรรม)
教詔,สั่งการ
教誡,คำแนะนำ รับสั่ง อนุศาสน์ สั่งสอนตักเตือน ชี้แจง
教誨,ตักเตือน แนะนำ สั่งสอน
敢,กล้า สันนิษฐาน กล้าเสี่ยง
散,กระจัดกระจาย โปรย
散亂,ถูกรบกวน กระจัดกระจาย ฟุ้งซ่าน กังวล
敬,เคารพ เชื่อฟัง ภักดี
整,ปรับ จัดให้เป็นระเบียบ
敷,ปูลาด แพร่ กระจาย ประกาศ จัดวาง กางออก คลี่ แจกจ่าย จัดสรร 
數,นับ แจกแจง
文,คัมภีร์ อรรถะ คันถะ
文字,พยัญชนะ อักษร บทปาฐะ ที่มาในคัมภีร์
文殊師利,มัญชุศรี
文綵,ความงามของรูปลักษณ์ภายนอก
文頌,บทกวี บทประพันธ์ บทสรรเสริญ
斗,โทรณะ ทะนาน ตวง
斗秤,ตวงชั่ง
斛,ทะนาน
斧,ขวาน
斫,ตัด ผ่า สับ โค่น ฟัน ถาง ตัดขาด
斫羯羅山,ภูเขาจักรวาล
斫羯羅山王,ภูเขาจักรวาลบรรพตราชา
斬,ตัด โค่น
斯,นี้.อันนี้.ที่นี่.จากนั้น.ในกรณีนั้น
斯陀含,สกฤทาคามิน สกิทาคามี
新,ใหม่
新學菩薩,อาทิกรรมโพธิสัตว์ โพธิสัตว์ใหม่ผู้กำลังศึกษาอยู่
斷,ตัด สิ้นสุด
斷事,วินิจฉัย ตัดสิน
斷手,ตัดมือ
斷絕,ขาดสาย
方,ทิศ ทาง
方便,อุปายะ ในวินัยโดยมาก หมายถึง พยายาม อุตสาหะ ออกอุบายเพื่อ (อาลมฺภ) 
方坐,ประทับหนั่ง นั่งตัวตรง 
於,ที่. ณ. 
於中,ในบรรดา ในท่ามกลาง
施,ทาน ให้
施主,ทานบดี เจ้าของทาน
施護,ทานปาละ
旃陀羅,จัณฑาล
旃陀羅舍,ที่่พำนักของพวกจัณฑาล
族,ตระกูล สกุล โคตร
既,แล้ว แล้วให้ เสร็จสิ้นแล้ว 
既得戒已,ครั้นรับศีลเรียบร้อยแล้ว
日,วัน ตะวัน
日日三時,ทุกๆ วัน 3 เวลา
日月薄蝕,สุริยคราส จันทรคราส 
日沒,ตะวันตกดิน
早起,ตื่นเช้า
旱澇,แล้ง น้ำท่วม
昇,ขึ้นสูง เจริญขึ้น
明,สว่าง ราชวงศ์หมิง
明日,วันรุ่งขึ้น พรุ่งนี้
易,เปลี่ยน ง่าย
昔,อดีต
星,ดวงดาว ดารา
星宿,ดวงดาวและนักษัตร
春,ฤดูใบไม้ผลิ ฤดูร้อนในอินเดีย
昧,มืดมัว ไม่รู้แจ้ง
是,นี้
是事,ในสิ่งเหล่านี้ ในข้อเหล่านี้
是人即失優婆塞戒,บุคคลนั้นย่อมต้องพ้นจากอุบาสกศีล
是人尚不能得煖法,บุคคลนั้นยังไม่สามารถบรรลุอุษมคตธรรมได้
是優婆塞得失意罪,อุบาสกนี้จักได้รับโทษแห่งมโนทัณฑะ(อาบัติแห่งความคับข้องใจ)
是時,ณ.เวลานี้.จากนั้น
是爲,นี่คือ นี้คือ ซึ่งถือได้ว่าเป็น
是菩薩法,นี่เป็นธรรมแห่งโพธิสัตว์
是菩薩波羅夷罪,นี้ต้องอาบัติโพธิสัตวปาราชิก
是非,ใช่และไม่ ถูกและผิด การให้น้ำหนักแก่ฝ่ายใดฝ่ายหนึ่ง
時,สมัย เวลา โอกาส ตลอดเวลา เสมอ เป็นครั้งคราว
時,เวลา
時日,ชั่วโมงวัน ฤกษ์ยาม
時節,กำหนด เวลา รอคอยเวลา
晚臥,นอนดึก
晝,วัน กลางวัน
晨,เช้ามืด
普,กว้างขวาง ไพบูลย์
普使,ทำให้ทั่วถึง ทำให้เกิดขึ้นอย่างกว้างขวาง
普散,กระจายไปทุกที่
智,รู้ ญาณ ปัญญา
智光明,ญาณรัศมี
智慧,ปัญญา ปรัชญา
智慧境界,ญาณวิสัย ชฺญานวิษย
智慧方便,ปัญญาและอุบาย
智者,บัณฑิต ผู้รู้
智行,ญาณและจริยาที่เกี่ยวข้อง ชฺญานปฺรจาร ชฺญาโนปจารา ญาณอุปจาร
暗,มืดมน อนธการ
暮,ค่ำมืด
暮時,เวลาค่ำมืด
曆數,คำนวณปฏิทิน การนับระหว่างวันกับดวงอาทิตย์ ดวงจันทร์ นับปี
曇摩迦,ธรรมกร
曇摩迦,ธรรมกร
曇無竭,ธรรโมทคตะ
曇無讖,ธรรมเกษม
曇無迦,ธรรมกร
曇無迦,ธรรมกร
曉,เช้า
曠野,ถิ่นทุรกันดาร ดงดิบ ทะเลทราย
曰,ว่า
曲,โค้ง งอ ผิดพลาด
更,ยังมีอีก ไกลออกไป ตรงกันข้าม แทน ค่อนข้าง ใหม่
書,เขียน จด คัด
書持,เก็บรักษาไว้เป็นลายลักษณ์อักษร จดบันทึกไว้
書疏,เขียน อักษร ตัวหนังสือ จดหมาย 
書䟽,เขียน อักษร ตัวหนังสือ จดหมาย 
曾,เคย เรียบร้อยแล้ว ก่อน 
最,ประเสริฐสุด เลิศสุด
會,รวมกัน สันนิบาต บริษัท
月,ดวงจันทร์ เดือน
月,เดือน
有,มี. คือ. ประกอบด้วย
有三法,มีธรรม ๓ ประการ
有五法,มีธรรม ๕ ประการ
有人,บางคน
有四法,มีธรรม ๔ ประการ
有寶,ครอบครองอัญมณี เกี่ยวกับเรื่องชู้สาว ความสัมพันธ์ฉันชู้สาว
有情,สัตว์
有爲法,สังขารธรรม สันสการธรรม
有諍,ขัดแย้งกัน
服,นุ่งห่ม
服飾,ประดับตกแต่ง เสื้อผ้าอาภรณ์ เสื้อผ้าและเครื่องประดับ
望,มองดู มองหา คาดหวัง หวัง
朝,เวลาเช้า หรือเจ้า ราชสำนัก
朝奉大夫,ราชเลขาธิการฝ่ายราชพิธีและกิจการในราชสำนัก
期,ชั่วเวลาหนึ่ง นัด พบ รอเพื่อ. จัด เตรียม คาดหวัง . ชวน
木,ต้นไม้
木屐,รองเท้าปาทุกา เขียงเท้า เกี๊ยะ
木皮,เปลือกไม้
木蘭,น้ำตาลแดง แมกโนเลีย
未,ยังไม่
未中,ยังไม่เที่ยง
未作法,ยังไม่ทำตามธรรม (ทำสิ่งอันสมควรต้องทำ)
未來佛,พระพุทธเจ้าจะมาในอนาคต ยังไม่มา
未受具戒,อนุปสัมบันบุคคล. บุคคลผู้ไม่ได้บวช รูปแบบ2
未受大戒,อนุปสัมบันบุคคล. บุคคลผู้ไม่ได้บวช. รูปแบบ1
未有恩處,แม้จะไม่มีอุปการคุณต่อกัน
未有所解,ยังไม่มีความเข้าใจ อะไรเลย
未滿,ไม่สมบูรณ์ ขาด ไม่เต็ม
末羅,แคว้นมัลละ
末羅, (Skt. Malla)
本,มูล ราก ต้น ที่มา
本源,เป็นต้นกำเนิด
本身,กายดังเดิม 
朽,เหี่ยวเฉา เสีย เสื่อมสภาพ
材,ซุง
村,หมู่บ้าน
杖,ไม้เท้า กระบอง ไม้พลอง
東,บูรพา ตะวันออก
東方,ทิศตะวันออก
東晉,ราชวงศ์จิ้นตะวันออก
杻械枷鎖,ขื่อคาโซ่ตรวน
板,ไม้กระดาน
析,ทุบ แตก
林,ป่าไม้
果,ผล วิบาก ผลลูก
果苽,ผลไม้ฟักแตง(คำจริงคือ มะตูม ต้นธูป แต่อาจจะเขียนผิด)
果蓏,ผลไม้ ต้นไม้และพันธุ์พืช
果證,ผลแห่งการตรัสรู้
枝葉,กิ่งก้านสาขา กิ่งและใบ
枯,เหี่ยวเฉา ผุพัง เน่าเปื่อย
某,แน่นอน. ชื่อของผู้นั้น.. บุคคลหรือสิ่งของดังกล่าว
某甲,ทับศัพท์ amuka ชื่อของผู้นั้น.. บุคคลหรือสิ่งของดังกล่าว
染,กาม ราคะ กิเลศ เครื่องย้อม
染壞色,มาแต้มให้เสียสี
染衣,ย้อมจีวร
柔,อ่อนโยน นุ่มนวล
柔軟,อ่อนช้อย อ่อนหวาน
根,อินทรีย์ องค์ มูล ร่างกาย และจิตใจ
根本,มูลราก
梐,รั้ว เพนียด ค่ายรบ
梵,พรหม พราหมณ์
梵壇,พรหมทัณฑะ
梵王,พรหมราช 
梵網,พรหมชาล
梵網經,พรหมชาลสูตร
棄,พ่ายแพ้
棺,โลงศพ
楊枝,ไม้สีฟัน กิ่งหลิ่ว
楚,เฆี่ยน ตี
業,กรรม
極,มากๆ ยิ่งขึ้น
極為甚難,เป็นกิจที่กระทำได้ยากยิ่ง ปรมทุษกร
樂,เพลงดนตรี.สุขยินดีเพลิดเพลิน.ชอบมัก
樂偷,ยินดีในการลักขโมย
樂器,เครื่องดนตรี
樂殺,ยินดีในการฆ่า
樂盜,ยินดีในการลักขโมย
樂說他過,ผู้ที่มักกล่าวถึงคนอื่นในทางไม่ดี
樂說邪見,ผู้ที่มักกล่าวเรื่องมิจฉาทิฏฐิ
樂飲酒,ยินดีในดื่มสุราเมรัย
樓,kūṭāgārā
樹,ต้น ต้นไม้
橫,ขวาง ถูกปิดกั้น ติด
橫取,ถูกคว้า พาไป เอาชนะ หลงทาง แย่งชิง กวาดไป
檀,ไม้จันทน์ ใช้ทับศัพท์ ทาน ทักษิณา
檀波羅蜜,ทานปารมิตา
檀越,ทายก แบบทับศัพท์
次,ต่อไป
次第法用,เพื่อดำเนินการไปตามเส้นทาง ธรรม
欣,ยินดี เพลิดเพลิน พอใจ 
欣慼,ปราโมทย์ ยินดี และโทมนัส เสียใจ
欣慼,joy and sorrow
欲,ต้องการ ประสงค์จะ ปรารถนา
欲去,ต้องการที่จะละทิ้ง ประสงค์จะออกจาก
欲度,ความปรารถนาที่จะคุ้มครองรักษา
欲得,ปรารถนาที่จะได้
欲界,กามภพ
欺,หลอกลวง ฉ้อฉล ฉ้อโกง
欺誑,หลอกลวงให้เสียประโยชน์ 
歌,ขับร้อง ร้องเพลง
歡,มีความสุข
歡喜,ปราโมทย์ ยินดี
歡喜地,ประมุทิตาภูมิ (ภูมิแห่งความเบิกบาน)
歡欣,ปิติยินดี เบิกบาน อิ่มเอิบใจ เป็นอย่างมาก
止,หยุด
止宿,หยุดพักค้างคืน
正,ถูกต้อง ดีแล้ว สัมมา
正念,ตั้งจิต ตั้งสติ ทำความระลึก สัมมาสติ
正性,ลักษณะ โคตรที่ถูกต้อง (บังเกิดสัมมา) อารยโคตร
正業,สัมมากัมมันตะ สัมยักกรรมานตะ การงานชอบ 
正法,พระสัทธรรม
正覺,ตรัสรู้อภิสัมโพธิ สัมยักสัมพุทธเจ้า
正遍知,ตรัสรู้ชอบโดยพระองค์ ผู้รู้แจ้งทั่วถึงแล้ว
正道,สัมมามรรค หนทางที่ถูกต้อง
此,นี้ เหล่านี้
此大眾,มหาชนเหล่านี้
此大眾,มหาชนเหล่านี้
此是,ในลักษณะนี้ ฉะนี้
此是時,ในเวลานี้ในลักษณะนี้
此法,ธรรมนี้ สิ่งนี้
此集一切種,นี้รวบรวมทุกประการ
歲,ปี
歲熟不熟,ปีที่เก็บเกี่ยวได้ผลผลิตดีและผลผลิตไม่ดี
歳,ปี
歷,ผ่าน ประสบการณ์
歷數 ,คำนวณปฏิทิน การนับระหว่างวันกับดวงอาทิตย์ ดวงจันทร์ นับปี
歸,กลับ กลับเรือน. ถึงสรณะ
歸佛,ถึงพระพุทธเจ้าว่าเป็นสรณะ
歸依,ขอถึง...ว่าเป็นสรณะ
歸比丘僧,ถึงพระสงฆ์ว่าเป็นสรณะ
歸法,ถึงพระธรรมว่าเป็นสรณะ
歸菩薩,ถึงพระโพธิสัตว์ว่าเป็นสรณะ
死,ตาย ดับลง
死亡,มรณกรรม ตายจาก
死屍,ศพ คนตาย
死時,กาลแห่งความตาย
殃,วิบัติ
殊,ต่าง พิเศษ
殊勝,ประเสริฐยิ่ง พิเศษ เหนือกว่า
殘,ส่วนที่เหลือ. โหดร้าย. ทำเสียหาย.
殘宿食,เก็บสะสมอาหาร
殘殺,ฆ่าอย่างโหดเหี้ยม.สังหารหมู่.เชือด
殷勤,ปวารณา เอาใจใส่ สุภาพ ด้วยความเต็มใจ เอาใจใส่อย่างกระตือรือร้น ห่วงใย จริงใจ ศรัทธา
殺,ฆ่า
殿,ปราสาท
毀,ทำลาย เสียหาย ขาด แตก ประณาม ดูหมิ่น ใส่ร้าย ติเตียน
毀他,ดูหมิ่นผู้อื่น
毀損,เสื่อม เสียหาย 
毀禁,ทำลายกฏ ข้อห้าม ศีล ทำลายข้อวัตร
毀訾,ดูหมิ่นเหยียดยาม
毀辱,ดูหมิ่นให้เสื่อมเสียอับอาย
母,แม่
毒,พิษ
毒藥,ยาพิษ
比,เปรียบเทียบ
比丘,ภิกษุ
比丘僧,ภิกษุสงฆ์ ศราวกสงฆ์
比丘尼,ภิกษุณี
比量,เปรียบเทียบ วัดขนาด
毘婆尸,พระวิปัศยิน 
毘尼,พระวินัย
毘舍, พระวิศวภู
毛,เส้นผม ปลายขน
毛孔,ขุมขน
毛頭,ปลายเส้นผม
毫末,บางเพียงเส้นผม
毬,ลูกบอล คลี
民,ประชาชน
氣,อากาศ ลมหายใจ กลิ่นฟุ้ง
水,น้ำ
水性,สัตว์น้ำ ธรรมชาติในน้ำ
水澆頭,มูรธาภิเษก
永離,หลุดพ้นจากอย่างถาวร การจากกันตลอดไป เป็นอิสระตลอดกาล
求,หา น่าค้นหา
求利養,แสวงหาลาภสักการะ
汚,สกปรก มลทิน ไม่บริสุทธิ์ กิเลส มลพิษ เน่า น่าอับอาย รังเกียจ
汝,เธอ คุณ
江河,คงคา แม่น้ำใหญ่
池,สระน้ำ หนอง
污,สกปรก มลทิน ไม่บริสุทธิ์ กิเลส มลพิษ เน่า น่าอับอาย รังเกียจ
決,ชำระ ตัดสิน แก้ไข ตัด ตัดเปิด แบ่ง แยก สังหาร ประหารชีวิต 
沐,อาบน้ำ สระผม
沒,จม.จบ เกิน.ผ่านไป หายไป ออกเดินทาง ออก ลา
沒哩際疏聚落,กูฏาคารศาลา ริมฝั่งสระน้ำมรรกฏะ 
沙,ทราย
沙彌,สามเณร
沙彌尼 ,ศรามเณรี สามเณร
沙門,สมณะ
沙門臣,สมณศักดิ์ สมณขุนนาง สมณมนตรี
沙門陀樓檀那,สมุทฺรทาน สมุทฺรโรธน ศรามณทารุทาน
河,แม่น้ำ
油,น้ำมัน
治,ปกครองจัดการบังคับ เพื่อความสงบ.สบาย.ดีขึัน ระงับปราบลงโทษ.
沽,ขาย (สินค้า) ซื้อ
沽酒,ขายสุราเมรัยของมึนเมา
況,ยังไม่ต้องพูดถึง นับประสาอะไร
況須陀洹至阿那含,โดยมิพักต้องกล่าวถึงการบรรลุโศรตาปันนะ จนถึง อนาคามิน เลย
法,ธรรม
法,ธรรม
法天,ธรรมเทวะ
法師,ธรรมาจารย์ อาจารย์ผู้ทรงพระธรรม ธรรมธร
法性,ธรรมชาติธรรม ธรรมธาตุ ธรรมตา ธรรมลักษณะ สภาวธรรม
法服,ผ้านุ่มห่มแห่งธรรม ผ้าศักดิ์สิทธิ์ จีวร
法王子,พระธรรมยุพราช กุมารภูต ธรรมราชบุตร
法界,ธรรมธาตุ
法身,ธรรมกาย
法門,ธรรมทวาร ธรรมมุข
法雲地,ธรรมเมฆาภูมิ (ภูมิเมฆแห่งธรรม)
波羅夷罪,ต้องอาบัติปาราชิก
波羅提提舍尼,ประติเทศนียะ
波羅提木叉,ปราติโมกษ์
波羅蜜,ปารมิตา บารมี
波羅賽戲,หมากรุกประเสนา
波逸提,ปายันติกะ
泥,ดิน
泥犁,นิรยะ นรก
注,ไหลเท หลั่งไหล
洋銅,น้ำทองแดงหลอมเหลง
洗,ล้าง ซัก สระ
洹那鳩樓,วนการะ วรรณคุรุ
派,แผนก สาขา หน่อ กระแส
流,กระแสน้ำ
浣,ซักฟอก
浣濯,ซักฟอก ซักผ้า
浮,ลอยน้ำ
浮囊,ถุงหนังสำหรับลอยน้ำ
浴,อาบน้ำ 
海,มหาสมุทร
海印,เป็นมุทราแห่งห้วงสาคร สาครสมฤทฺธิ สาครมุทรา
海藏,เป็นครรภ์แห่งห้วงสาคร สาครครฺภ
涅槃,นิรวาณ
消,ดับ สลาย
消除,กำจัด ยกเลิก ระงับ ลบ ดับ 
涉,ข้าม ลุย เดินไป
涌,พุ่งขึ้น ทะลักขึ้น ผุดขึ้น 
涕,น้ำตาไหล ร้องไห้
涕唾,น้ำลาย น้ำมูก เสมหะ เมือก
淨,ชัดเจน ใส สะอาด บริสุทธิ์
淨 ,บริสุทธิ
淨居天,ศุทธาวาส พรหมสุทธาวาส
淨心,จิตอันบริสุทธิ์. ศรัทธาปสาทะ 
淨施,วิกัลป์ วิกัปป์ วิศุทธิทาน
淨穢,บริสุทธิ มลทิน
深,ลึกซึ้ง
深信,ศรัทธาหยั่งลึก
淸旦,เช้าตรู่
淸淨,วิสุทธิ บริสุทธิ์ สะอาด
清,ใส บริสุทธิ์
清旦,เวลาเช้าตรู่
清旦,เช้าตรู่
清淨,บริสุทธิ์ สะอาด
減,ลดลง หย่อน ต่ำ
減少,ลดลง น้อยลง ให้ผลผลิตตกต่ำ
渝,เปลี่ยนแปลง 
渝匿,แคว้นคันธาระ
測,รู้โดยการคำนวณ วัด
渴,กระหาย
渴時,เวลากระหาย
湖,ทะเลสาบ บึง 
湯,น้ำร้อน
源,น้ำพุ ต้นกำเนิด จุดเริ่มต้น
溫故,เพื่อทบทวนสิ่งที่ได้เรียนรู้มา
滅,ระงับ ดับ สงบ
滅除,ดับสิ้น กำจัด ขจัด
滌,ชำระล้าง
滴,หยด
滿,เต็ม บริบูรณ์ สมบูรณ์
漂,ลอยไป
漉,กรอง รินออก
漉水囊,ถุงผ้ากรองน้ำ
漏,ปนเปื้อน รั่ว ไหล เป็นรู อาสวะ
演,เทศนา
漚,แช่ หมัก
漚惒拘舍羅,อุปายเกาศัลยะ
漸,ค่อยๆ
漿,น้ำคั้นผลไม้
潔,สะอาด
澆,รด เท
澡,ล้าง อาบ
澡手,ล้างมือ
澡豆,ก้อนจุรณสำหรับอาบน้ำ (ป. จุณฺณ ส. จูรฺณ)
澤,หนองน้ำ ที่ชุ่มน้ำ
濁,ทุจริต ขุ่น ไม่บริสุทธิ์ ไม่ชัดเจน. เปรอะเปื้อน สิ่งสกปรก มลพิษโสโครก 
濟,สถานที่ข้าม ช่วยเหลือ ยอมแพ้ ทำให้เสร็จ
濯,ล้าง ชะล้าง
瀆,คูคลอง
灌,รด เท หลั่ง
灌頂,อภิเษก
火,ไฟ
火燧,เครื่องชุดจุดไฟ
火風,(ธาตุ) ไฟและลม ไฟลุกโชน
灰,เถ้า น้ำด่าง
災,อุปัทวะ ภัยพิบัติ อันตราย
災難,หายนะ อุปสรรค อันตราย อุปัทวะ
炎天,สวรรค์ชั้นยามา
炙,ผิง ย่าง เผา แห้งสนิทสนม
為,ได้ สำหรับ ถึง เป็น หรือ เพื่อที่จะ เป็น เพื่อ (ในที่นี้แสดงจุดประสงค์)
為勝,เป็นผู้ยอดเยี่ยม เป็นผู้ประเสริฐ
為命求財時,เวลาแสวงหาทรัพย์เพื่อเลี้ยงชีพ
為娉上族,สู่ขอหมั้นหมายกับผู้มีตระกูลดีให้
為度,รูปร่างดี สมบูรณ์ เป็นที่พึงพา
為度世師,เป็นครูและเป็นที่พึ่งของโลก
為於,เพื่อที่จะ สำหรับ
為最,อันบรม ประเสริฐ เลิศ ที่สุด
焚,เผา 
焚燒,เผา ไหม้ โหมะ จุดไฟเผา
無,อย่า ไม่ ไม่มีอยู่ เป็นไปไม่ได้
無上,อนุตตร ไม่มีสิ่งใดยิ่งไปกว่า
無上覺, อนุตรสัมยักสัมโพธิ
無不,ทั้งหมด โดยไม่มีข้อยกเว้น ล้วนแต่
無不覩,ไม่มีสิ่งใดที่ไม่เห็น ทุกสิ่งทุกอย่างสามารถเห็นได้
無以,อย่าใช้เพื่อ ไม่มีทาง ไม่สามารถทำได้ ไม่มีอะไรที่จะ
無價,อันหาค่ามิได้
無崖,สุดจะหยั่งถึง. ไม่มีจำกัด.
無常,ไม่เที่ยง อนิจจัง
無得,ไม่ได้รับอนุญาต ห้าม
無怖畏,ไม่มี.ปราศจากภัยความกลัว
無所畏,กล้าหาญ ไม่เกรงกลัว เวสารัชชญาณ
無手,มือด้วน ไม่มีมือ มือขาด
無數,นับไม่ถ้วน ประมาณมิได้ อสงไขย
無有窮盡,ไม่มีวันหมดสิ้น ไม่มีวันเหือดแห้ง
無有量,ไม่สามารถวัดได้
無根,ไม่มีมูล.สาระ ไม่เป็นความจริง ไม่มีอวัยวะเพศ เพศไม่ปรากฎ บกพร่องทางเพศสภาพ ศณฺฒ ษณฺฒก
無根人,คนไม่มีอวัยวะเพศ ศณฺฒ ษณฺฒก
無極,ไม่จำกัด ไม่สิ้นสุด
無為之道,ทางที่จะให้ถึงอสังขตะ
無爲,อสังสกฤตะ อสังขตธรรม ไม่มีสิ่งปรุงแต่งให้เกิดขึ้น
無畏,ความไม่หวาดหวั่น เวสารัชชกรณธรรม
無異,ไม่แยกจากกัน ไม่แตกต่างจาก
無病,ไร้โรค ไม่เจ็บป่วย อาพาธ
無益,เสียเปรียบ ไร้ประโยชน์ ของเสีย
無盡慧,Akṣayamati.
無相,ไร้ลักษณะ ไร้นิมิต 
無知無解,ไม่รู้ไม่เข้าใจ
無能屈,ไม่อาจทำให้พ่ายแพ้ได้หรือยอมแพ้ได้ ไม่อาจเอาชนะได้
無色界,อรูปภพ
無視聽,ไม่ดูและฟังด้วยดี
無道,ไม่ใช่ธรรม อธรรม ไม่มีทาง ไม่เหมาะสม ผิด
無邊,ไม่จำกัด.ไม่สิ้นสุด.ไร้ขอบเขต
無量,นับไม่ได้
無量智慧,ปัญญา ญาณ อันไม่มีประมาณ
無量無邊, ไม่มีประมาณและไม่มีขอบเขต นับไม่ได้และไม่จำกัด ไม่สิ้นสุด.ไร้ขอบเขต
無間,ไม่มีระหว่าง ไม่หยุดหย่อน อเวจี
焰,เปลวไฟ ความร้อน
焰慧地,อรจิษมตีภูมิ (ภูมิแห่งเปลวไฟแห่งปัญญาอันโชติช่วง)
然,ทางนี้ จุด
然火,ไฟไหม้ เปลวไฟ
煖法,อุษมคตธรรม ธรรมร้อน (ศัพมหายาน)
照,การส่องสว่าง
照燭 ,ส่องสว่าง สาดส่อง
照見,ให้แสงสว่าง ให้ความเข้าใจ กระจ่าง
照鏡,ส่องตนเองในกระจก
煩,กังวล กิเลส
煩惱,ทุกข์ยาก กิเลส อนุสัยหมักหมม
熏,กลิ่นหอม น้ำหอม ให้เต็มไปด้วยควัน
熟,สุก คุ้นเคย
熱,รู้สึกร้อน ร้อนลน มีไข้
熱惱,ทรมาน
熱時,เวลาร้อน
熱鐵,เหล็ก โลหะอันร้อนแดง
熾,ลุกโชน รุนแรง
熾然,ลุกโชน ลุกเป็นไฟ
燈,ประทีป ตะเกียง
燈明,ดวงประทีป แสงสว่าง
燒,เผา ไหม้
燒指,เผานิ้ว
燒臂,เผาแขน
燒身,เผาตัว
營,ดำเนินการ ยุ่ง ทำธุรกิจ
營之,จัดการให้สำเร็จ. ทำงานกิจ ธุระ. กำลังดำเนินการอยู่
燭,เทียน ตะเกียง แสงไฟ
爛,เน่าเปื่อย สุกงอมมาก
爪,เล็บ
爪鏡,การเสี่ยงทายกระจกเล็บ
爲,เป็น กระทำ
爲上,อันดีที่สุด อุดม อัคร เลิศ
爲人, ทำ.แสวงหา.เพื่อคนอื่น เพื่อมนุษย์
爲利養故,เพื่อจะได้ผลประโยชน์ ลาภสักการะ
爲說法,แสดงธรรมแก่..
父,พ่อ
父母,บิดามารดา
爾,ดังนั้น
爾所,จำนวนเท่าที่กล่าวมานั้น
爾時,ในเวลานั้น ขณะนั้น สมัยนั้น
爾時世尊,สมัยหนึ่งพระผู้มีพระภาค
牙,ฟัน ทันตะ
牛,โค
牟尼,มุนี
牢,กรงเรือนจำ เบี้ยเลี้ยง งานฉลอง เครื่องบูชา แข็งแกร่ง ปลอดภัย ป้องกันอย่างดี
物,ทรัพย์ วัสดุ ของ(มีค่า)
牻 ,ลายขาวดำของวัว สีผสมกัน
牽,ลาก จูง
牽出,ดึง ลาก ฉุดกระชากออกไป
牽挽,ฉุดกระชากลากถู
犁,ไถ จอบ การไถ การไถพรวนด้วยวัว
犯,ต้องอาบัติ ทำผิด
犯輕垢罪,ต้องอาบัติทุษกฤต
狂亂,บ้าสติไม่สมประกอบ
狗,สุนัข
狼,หมาป่า
猛,กระตือรือร้น เร่าร้อน รุนแรง
猛火,ไฟที่โหมกระหน่ำ เพลิงไหม้รุนแรง
猪,สุกร
猫狸,จำพวกแมวและหมาจิ้งจอก
猶,ถึงกระนั้นก็ตาม เหมือนกันกับ
猶如,ดุจเดียว เหมือนกับ
獄,คุก คดีความ ลงโทษ
獨,เท่านั้น คนเดียว อิสระ
獨覺,ปัจเจกโพธิ พระปัจเจกพุทธเจ้า
獲,จับ รับเอา ได้รับ
獲得,เพื่อให้ได้ ที่จะได้รับ รับ คว้า
獵,ล่าสัตว์ 
獵者,นายพราน
獸,สัตว์เดรัจฉาน
獻,ถวาย
率,นำ ปฏิบัติตาม
王,พระราชา
王子,ราชบุตร
玩,เล่น สนุกสนาน น่าเพลิดเพลิน เพลินใจ
珍,ล้ำค่า หายาก สูงส่ง มหัศจรรย์ เป็นทิพย์
珠,ไข่มุก
珠璣,แก้วมณี เพชรนิลจินดา
現,ปรากฎอยู่ ยังอยู เห็นอยู
現世,โลกปัจจุบัน ชีวิตนี้
現前地,อภิมุขีภูมิ (ภูมิแห่งการมุ่งหน้าเข้าหา)
現在,ปัจจุบัน
現在佛,พระพุทธเจ้าในปัจจุบัน
現身,ชาตินี้ ร่างกายที่ปรากฏอยู่ ชีวิตนี้ อวตาร นิรมาณกาย แสดงตัว
理,หลักการ เหตุผล
琴瑟,พิณวางราบ
瑠璃,แก้วมณี ไพฑูรย์
瓔珞,แก้วแหวนกำไลสายสร้อย
瓶,กระบอกใส่น้ำ
甘蔗,อ้อย
甘露,อมฤต
甘露味,อมฤตรส
甚,มาก รุนแรง
甚深,ลึกซึ้ง ล้ำลึกมาก คัมภีรภาพ
生,เกิด มีขึ้น ชาติ ผลิต สิ่งมีชีวิต ชีว
生像,ชาตรูป รูปิยะ
生滅,การเกิดและการดับ ความไม่เที่ยง
生生,เกิดใหม่ เติบโตขึ้น สืบต่ออย่างต่อเนื่อง แต่ละชาติ
生酒過失,สุราเป็นบ่อเกิด เกิดโทษ แห่งความผิดพลาดสูญเสีย 
生酥,เนยข้น
產,ให้กำเนิด ผลิต
用,ใช้
田,ท้องทุ่ง พื้นที่การเกษตร ที่ดินทำกิน เขต เกษตร
由,เนื่องจาก
由乾陀山,ภูเขายุคันธร
由乾陀山王,ภูเขายุคันธรบรรพตราชา
由乾陀羅山,ภูเขายุคันธร
由乾陀羅山王,ภูเขายุคันธรบรรพตราชา
由如 ,เหมือน เสมือน
由旬,โยชน์
男,บุรุษ
男女有別, ชายและหญิงแยกจากกันอยู่
界,เขต ทวีป มณฑล
畏,เกรงกลัว ร้อนตัว
留,เก็บไว้ รักษาไว้ อยู่ หยุด 
畜,ปศุสัตว์ เก็บสะสม
畜,เก็บ รวม ร่วมกัน หยุดอยู่
畜生,กำเนิดเดรัจฉาน
畜養,เลี้ยงดู เลี้ยงสัตว์
畝, ยกร่อง ทำแปลง ขอบคันนา ขุด (ด้วยจอบหรือคันไถ)
略,เข้าใจคร่าวๆ ย่อ
略說,ยกแสดงขึ้นโดยสังเขป ยกขึ้นเป็นแม่บท อุทเทศ
略開,เปิดออก
異,ต่าง. แยก. นอก. กลับไปมา
異語,พูดกลับกลอก กลบเกลื่อน บิดเบือน
當,ควรเป็น ได้รับสิทธิ์ สมควร
當作,ที่จะทำ ทำให้เสร็จ พึง ควรทำ
當墮地獄,จักตกนรก
當學,กำลังจะศึกษา
當念,ควรตระหนักรู้
當有,จะมี
當當,ถูกต้อง สมควร เหมาะสม แท้จริงแล้ว
當知,พึงควร รู้ว่า เข้าใจว่า
當與,พึงให้ จะให้
當說,จักบอก ตรัส แสดง . พึงบอก
當願眾生,พึงตั้งปณิธานให้สรรพสัตว์
疑,สงสัย คาดเดา ต้องลำบากใจ แปลก
疫,โรคระบาด
疲,ท้อถอย เหน็ดเหนื่อย
疾,รวดเร็ว. ป่วย
疾病,บาดเจ็บ ป่วยไข้
病,ป่วย อาพาธ
病苦,เวลาเจ็บป่วย
痛,เจ็บ ปวด
瘡,เนื้องอก ฝี แผล ตุ่มหนอง
瘦,ซูบ ผอมแห้ง
癡,ความหลง โมหะ อวิชา ความไม่รู้ ติด ตัณหา
癡闇,มืดบอดด้วยความไม่รู้ 
登,ขึ้น บรรลุ
登職,รับตำแหน่ง ขึ้นสู่ฐานะ
發,ปรากฏ ผลิดอกออกผล ยิง ส่ง ออก เจริญรุ่งเรือง
發光地,ประภาการีภูมิ (ภูมิแห่งแสงสว่างอันรุ่งโรจน์)
發大心,มหาจิตฺโตตฺปาทิก ตั้งมหาจิต เกิดความปรารถนาอันแรงกล้าเพื่อการตรัสรู้
發心,โพธิจิตฺโตตฺปาท
發意,มีความตั้งใจ ตั้งจิตปรารถนา เจริญจิตใน
發菩提心,โพธิจิตฺโตตฺปาท
白,ขาว กระจ่าง สว่างแจ้ง ประกาศแจ้ง ญัตติ
白淨,ขาวสะอาด ศุทโธทนะ
白羯磨,ชญัปติกรรม ญัตติกรรม
白衣,ผ้าขาว ฆราวาส อุบาสก
白衣舍,บ้านของพวกฆราวาส
百,ร้อย
百劫,ร้อยกัลป์
百千,นับแสน หนึ่งแสน
百千億,นับแสนโกฏิ
百千億劫,นับแสนโกฏิกัป
百千億那由他,นับแสนโกฏินยุต (จำนวนที่มากมาย มหาศาล)
百千億那由他佛刹,พุทธเกษตรจำนวนนับแสนโกฏินยุต
百千億那由他佛剎,พุทธเกษตรจำนวนนับแสนโกฏินยุต
百千億那由他劫,นับแสนโกฏินยุตกัป
百姓,ชนทั้งปวง ร้อยสกุล หมู่ชนในสกุลทั้ปวง 
百官,เสนาอำมาตย์ เจ้าหน้าที่ ขุนนาง เจ้าพนักงานในตำแหน่งต่างๆ
百萬,ล้าน ร้อยหมื่น
百里,ร้อยลี้ ระยะไกลพอสมควร
皆,ทั้งหมด ทุกคน
皆具足,บริบูรณ์
皮,หนัง
皮,เปลือก
盈,เต็ม
盈虛,เพ็ญแรม ข้างขึ้นข้างแรม
益,อนุเคราะห์ เพิ่มขึ้น
盛,เติมบรรจุ เต็ม
盜,โจร ลัก ขโมย
盜,โจร ลัก ขโมย
盡,สิ้น ภาชนะเปล่า ใช้หมดแล้ว จบ เสร็จ ไม่เหลือ
盡形壽,แต่นี้จนตลอดชีวิต
盡得,รับ บรรลุ อย่างสมบูรณ์ รับได้ทั้งสิ้น
盡心,ตั้งใจอย่างสุดความสามารถ ด้วยสุดจิต สุดใจ
盧舍那,ไวโรจนะ
盧舍那佛,ไวโรจนพุทธเจ้า
目,ดวงตา
直,โดยตรง ซื่อตรง ซื่อสัตย์ จริงใจ ทันที 
直渡,ข้ามฝาก
相,ลักษณะ นิมิต ลิงคะ สัญลักษณ์
相伐,ยกพลเข้าโจมตีระหว่างกัน ขัดแย้งกัน 
相形,รูปร่างซึ่งกันและกัน
相續,ต่อเนื่อง
相貌,รูปลักษณ์ ลักษณะ รูปร่าง
眄,จ้องมองด้วยความปรารถนา การยักคิ้วหลิ่วตา การชม้ายตา ชำเลือง
眉,คิ้ว
看,ดู มอง
看病,พยาบาลผู้เจ็บป่วย
眞,ถูก แท้ จริง
眞實言,สัจจะวาจา
眞言,คำจริง มนตร์ ธารณี มนตรปท
真,ถูก แท้ จริง
眷屬,ครอบครัว ญาติพี่น้อง บริวาร ผู้ติดตาม คนสนิท
眷屬分離,ครอบครัวญาติพี่น้องแตกแยกกัน การพลัดพรากจากหมู่ญาติ การแยกจากบริวาร
眼,ตา จักษุ
眾,ทั้งหลาย
眾寶,รัตนะทั้งปวง อัญมณีทั้งหลาย
眾惡,บาป อกุศล ทั้งหลาย
眾生,สัตว์ทั้งหลาย
眾生界,สัตวธาตุ
眾集,ผู้มาประชุมทั้งหลาย
睡眠,อาการง่วงนอน นอนหลับ
瞋,ไม่ชอบ เกลียด ชัง ไม่พอใจ
瞋怒,โกรธเคือง พยาบาท 
瞋怒意,จิตโกรธเคือง พยาบาท 
瞋恨,โกรธเกลียด อาฆาตพยาบาท
瞋故不喜,โกรธเพราะไม่พอใจ
瞻,เห็น มอง สังเกตุ จ้องมอง
瞻視,ต้อนรับ ดูแล
知,รู้
知一切眾生心行,รู้วาระจิตและจริตของสรรพสัตว์ทั้งหลาย สรฺวสตฺตฺวจิตฺตจริตานุคต
知新,ศึกษาสิ่งใหม่เพิ่มเติม
知識,การรับรู้ ความรู้ เพื่อน คนรู้จัก มิตร กัลยาณมิตร ที่มีความสนิทสนมด้วย 
短,สั้น รวบรัด คำพูดสั้น ๆ ขาด ตก ความอ่อนแอ ข้อบกพร่อง; ความผิดพลาด
短命,อายุสั้น
石,หิน
石蜜,น้ำตาล น้ำอ้อย
破,หัก หักล้าง แตก ทุบ
破戒,ทุศีล ล่วงละเมิดศีล
破羯磨轉法輪僧,ทำสงฆ์ให้แตกกันด้วยกรรมเภทและจักรเภท
碁,การเล่นหมากกระดานต่างๆ 
碎,บด ขยี้ แหลกละเอียดเป็นผง ป่นปี้
磔手,คืบ วิตัสติ 12 องคุลี
磨,เจียร ขัด ขัดเงา
礙,ขัดขวาง
示,แสดงให้คนอื่นเห็น
示現,ปรากฏให้เห็น สำแดง
祇樹給孤獨園,เชตวันอารามของท่านอนาถบิณฑิก
祕密,ลับ สิ่งเร้นลับ
神,ทิพย์ ฤทธา เทวะ
神仙山,ภูเขาฤษีคิริ
神仙山王,ภูเขาฤษีคิริบรรพตราชา
神力所作,อธิษฺฐานกรฺม การกระทำที่เกิดจากอธิษฐาน
神變,ปาฏิหาริย์
神通,ฤทธิ์ อภิชญา
神通自在,ฤทธิวศิตา ความคล่องแคล่วในฤทธิ์
禁,กฏ ข้อห้าม ศีล
禁戒,สิกขาบท ศีลพรต
禁閉,ขัดขวาง เพื่อปิด ติดคุก เพื่อล็อค เพื่อควบคุมตัว สังวร สำรวม ระวัง
禍殃,ภัยพิบัติที่ไม่คาดฝัน หายนะ ปัญหา เคราะห์ร้าย
福,บุญ
福慧,บุญและและความรู้ ปุณฺยชฺญาน ปารมิตาทั้ง ๖
福施,ทำการอันก่อให้เกิดบุญกุศล 
福智,บุญและญาณ
福田,ปุณยเกษตร บุญเขต
福祐,บุญ
福行,บุญกิริยา
禪,ธยาน ฌาน (บางครั้งเป็นสมาธิ)
禪思,ฌานสมาธิ ธยานสมาธิ
禪波羅蜜,ธยานปารมิตา
禮,กราบ ไหว้ ถวายบังคม
禮拜,กราบไหว้
禽獸,หมู่นกและสัตว์ป่า
秤,ตุล เครื่องชั่ง
移,ย้าย เคลื่อนย้าย เปลี่ยนแปลง
移奪,เปลี่ยนแปลงหรือพรากออกไป ย้ายหรือช่วงชิง 
稅,ภาษีอากร
稠,มาก ทึบ เบียด
稠林,ป่าทึบ ป่ารกชัฏ
種,พีชะ ประเภท วัตถุ ธาตุ ภูตะ สิ่งที่มี
種性,โคตร ลักษณะที่สืบทอดมา
種殖,เพื่อเพาะเมล็ด
種種,ต่างๆ อื่นๆ นานา หลากหลาย
種類,ชาติกำเนิดและสกุล
稱,เรียก กล่าว
稻,ต้นข้าว 
稼,เพาะปลูก
稽首禮,เพื่อถวายบังคม. การก้มศีรษะด้วยความเคารพ 
穀,ธัญญชาติดิบ
穀紙,กระดาษข้าว กระดาษประเภทหนึ่ง ยังพบในญี่ปุ่น
穀貴,เวลากันดารอาหาร อาหารแพง
積,สะสม กอง
穢,มลทิน
究,ไปยังจุดสิ้นสุด จบ หมด
究竟,สุดยอด ไม่มีใครเทียบ ขั้นสุดท้าย อุดมคติ ขีดจำกัด หมดแรง ไปถึง บรรลุ เชี่ยวชาญ
空,เปล่า ว่าง ศูนย์
空中,ในอากาศ ช่องระหว่าง
空過,ไร้ผล
穿,ทะลุ เจาะผ่าน
窓牖,ช่องผนัง บานหน้าต่าง 
窮,จำกัด
窮乏,ความยากจนข้นแค้น ยากจนขัดสน ตกที่นั่งลำบาก ขาดแคลน
立,บัญญัติ
立作,ยก ตั้งขึน ปลูกสร้าง สร้าง
竟,จบ เสร็จ แล้ว
竭,สิ้นสุด หมดแรง
端,เที่ยงตรง เหมาสม แน่วแน่ สมบูรณ์ จุดเริ่มต้น 
端嚴,รูปร่างดี สัดส่วนดี ถูกใจ หล่อ สวย งดงาม สง่า
竹,ไม้ไผ่
竹帛,แผ่นไม้ไผ่
竽笙,ปี่เครื่องเป่าต่าง
笑,หัวร่อต่อกระซิก ยิ้มแยม หัวเราะ
第,ลำดับที่ ชั้น
第一淸淨,บรมวิศุทธิ
第一福田,ปรมปุณยเกษตร อันประเสริฐ
第一義諦,ปรมัตถสัจจะ ปรมารฺถสตฺย
第一義諦,ความจริงขั้นสูงสุด ขั้น ชั้นปรมัตถสัจจะ ปรมารถสัตยะ
第四天,สวรรค์ชั้นตุษิตะ
筆,ปากกา พู่กัน ต้นกกสำหรับเขียน
等,เมื่อ
筏蹉 ,(Skt. Vatsa).
筒,กล่องไม้ 
答,ตอบ สนอง บอกกลับ
箏笛,เครื่องสายต่างๆและขลุ่ย
箜篌,พิณใหญ่
箭,ลูกศร
箱囊,กล่อง ตะกร้า ถุง 
節,ข้อต่อ ชั้น ปม
簡,เลือก ง่าย
簡擇,เลือกปฏิบัติ เลือกเอาส่วนดีหรือใหญ่กว่า เลือกเฉพาะ 2
籍,ที่จะเขียนลงไป ตรา ลงนาม อนุญาต
籠,กรง
粥,ขาย
精,ละเอียด บริสุทธิ์
精勤,พยายาม ปลูกฝัง ฝึกฝน
精進,วิริยะ
糧,เสบียงอาหาร
紅紫, แดงเข้ม(ออกม่วง)
純,ล้วน ไม่เจือปน
純寶所成,อันสำเร็จจากมณีรัตนะบริสุทธิ์ไม่เจือปน
紙,กระดาษ ใบลาน
索,แสวงหา ขอ ปรารถนา ค้นหา ต้องการ เชือก
紫 ,ม่วง แดงเข้ม(ออกม่วง)
細,เล็ก ละเอียด
終,ในที่สุด จบ การสิ้นสุด สุดท้าย ยังดีกว่า
終不以,หากในท้ายที่สุดจักไม่ต้องเป็น
終不欺誑,ไม่เคยหลอกลวง
終身,จนกว่าชีวิตจะหาไม่
結,พันธนาการ ผูก มัด รวม สร้าง
絕,ที่จะตัด ด้วน ลิดรอน ขัดจังหวะ เสร็จ จบ หยุด ตาย
絡囊,ถุงบาตร สลก ถลก
給,จัด ให้ พอ
給與,จัดหา ให้ เพียงพอ
統,ปกครอง ปกครอง ดูแล ครอบงำ
統制,ควบคุม กฎหมาย ระเบียบ ปกครอง
絹素,ผ้าไหมดิบ
經,พระสูตร
經一劫二劫t,ล่วงไปเป็นเวลา ๑ กัลป์ ๒ กัลป์
經律,ธรรมวินัย พระสูตรและพระวินัย
經書,คัมภีร์ ตำรา หนังสือ
經百千劫,ที่จะผ่านไป ล่วงไปเป็นนับแสนกัลป์
經行,จงกรม เดินไปมา ขึ้นลง
經行處,สถานที่สำหรับเดินไปมา ขึ้นลง ทางจงกรม
網,ชาละ ตาข่าย
綴,ผูก เย็บ ปะ ตะเข็บ ซ่อม
綺語,วาจาที่เหลวไหล เพ้อเจ้อ พูดไร้สาระ
綿,ใย เส้นด้าย ใยไหม ฝ้าย
緣,ปัจจัย
緣生,ปฏิจจสมุปบาท
緣覺,ปรัตเยก ปัจเจกพุทธเจ้า
緣起,ปฏิจจสมุปบาท
緣起理,หลักปฏิจจสมุปบาท
練,ฝึกฝน ฝึกซ้อม
緻,วิจิตร ละเอียด ประณีต สลวยอย่างไหม
縛,ผูก พันธะ สัมพันธ์
縛著,ถูกล่ามโซ่ ให้ถูกพันธนาการ (ด้วยความทุกข์)
縱廣,ความยาวและความกว้าง
縱意,ตามปรารถนา ตามใจตน.ชอบ ปล่อยใจ เด็ดขาด
縷,ด้าย เส้นใย เชือก
繒,ผ้าไหม แพรพรรณ (คำโบราณ)
織,ปั่นด้าย ทอ ถัก ทำผ้า
織師,ช่างทอ
繞,พันรอบ อ้อม
繩,เชือก สาย ถัก
繫,ผูก ล่าม ติด ผูกมัด ถูกจำกัดโดย
繼,ต่อเนื่อง สืบเนื่อง
繼嗣,ทายาท บุตร วงศ์ สืบสานวงศ์ตระกูล
繽紛,ล่องลอยไป กระจัดกระจาย ระส่ำระสาย
纏,ผูกพัน พัน ผูก 
纏繞,ล้อมรอบ รุมเร้า พร้อมด้วย
纏身,พันรอบร่างกาย ถูกล่ามโซ่ตรวนล่ามโซ่ เข้าไปพัวพัน(กับธุรกิจ)
缺,ตำหนิ บกพร่อง
罪,อาบัติ. บาป. อธรรม. อกุศล
罪報,อกุศลวิบาก ผลของการกระทำชั่ว
罪過,ผิดพลาด ความผิด เป็นโทษ
置,วาง ใส่ จัดเรียง
罵,ดุด่า ข่ม ประจาน ข่มขู
羅,ตาข่าย
羅刹,รากษส
羅漢,อรหันต์
羅睺羅,พระราหุล
羅網,อวนแหตาข่าย
羅首楞及陀,รากษสลังกาคุปตะ ศูรังคคุปตะ
羊,แกะ
美好,ความงาม อันประณีต
美色,สีสวย ความงามที่มีเสน่ห์ รูปอันน่าดึงดูดทางเพศ
美食,อาหารอันประณีต
義,เหตุผล วัตถุ
羯,ตอน (สัตว์) 
羯磨,กรรม กรรมัน
羹,แกง ซุป
羺,แพะภูเขา
羼提波羅蜜,กษานติปารมิตา
習,นิสัย เรียนรู้ ศึกษา ฝึกฝน ทำซ้ำ คุ้นเคย
習弄,ฝึกฝน ฝึกหัด เรียน ซ้อม เล่น
習種性,ลักษณะ โคตร(โพธิสัตว์)ที่เริ่มฝึกฝน สมุทานีตโคตฺร สัมปรัสถานระดับ ๑
翼,ปีก ช่วย
老,เฒ่าแก่ชรา
者,ผู้ซึ่ง. อันซึ่ง. ใด
耆年,ผู้แก่เฒ่า ผู้แก่กว่า เถระ
而,และ แต่ ยัง ในขณะที่ แม้ว่า แล้ว จึง(คำเชื่อม)
而來入,แล้วก็เข้าไป จึงได้มาเข้ามา
而有差別,จึงมีความแตกต่าง
而知,แล้วก็รู้ จึงได้รู้
而菩薩,และ. หรือ. แต่. โพธิสัตว์นั้น
耕,เพื่อไถพรวนดิน เพาะปลูกลงดิน ไถด้วยพร้อมคันไถ
耨,พรวนดิน ถากหญ้า
耳,หู โศรต โสต
耶,ไหม? เชื่อ.เห็นด้วย.จริง.หรือไม่ เสียง ยะ (บ้างครั้งคือ ใช้แทน Xié) ผิด หลง
耽樂,เสพติด หมกหมุ่นอยู่
聖,อริยะ อารยะ
聖智,อารยชญาน
聚,รวบรวม สะสม
聚落,หมู่บ้าน
聞,ได้ยิน ได้ฟัง
聞如是,ข้าพเจ้าได้สดับมาแล้วอย่างนี้
聰,ปัญญา เฉียบแหลม รวดเร็ว ไหวพริบ
聰明,บัณฑิต เมธี ความรู้มาก ฉลาดเฉียบแหลม
聲,เสียงพูด เสียงขับร้อง
聲聞,ศราวก ผู้ฟังเสียง
聲聞果證,ผลแห่งการตรัสรู้ของพระสาวก
聲聞辟支佛,พระสาวกและพระปัจเจกพุทธเจ้า
聶道真,เนี่ย เต้าเจิ้น
職,หน้าที่ ตำแหน่ง
聽,จงฟังด้วยดี รับทราบ อนุญาต
聽命,ติดตาม เอาอย่าง ยอมรับ โอนอ่อน ฟังคำสั่ง รับคำสั่ง ทำตามคำสั่ง
肉,เนื้อ
肩,บ่า ไหล่
背,กลับ หันเห เบี่ยงเบน
胎,ครรภ์
能,สามารถ
能淨是戒,ชำระศีลนี้ให้บริสุทธิ์
能爲,สามารถกระทำ นำมาซึ่ง ทำให้เกิดขึ้น นำไปสู่ ถึง
能知,สามารถรู้ได้
脂提渝,แคว้นเจตี
脂粉,เครื่องสำอาง ประทินผิว 
脚,ขา เท้า
脫,ถอด หลุด ปลด หลบหนี แยกจาก เป็นอิสระ หลุดพ้น 
臂,แขน
臥,นอนลง เพื่อที่จะพัก เตียง ห้องนอน
臥具,ที่จะพัก. นอนลง. เตียง ห้องนอน
臥具,เสนาสนะ
臨,เข้าใกล้ ไปถึง เมื่อถึง
自,ตัวเอง ด้วยตัวเอง จาก
自今已後,นับแต่บัดนี้เป็นต้นไป
自在,วสิตา อิสระ อีศวร อธิปไตย ความเป็นผู้มีอำนาจ ควบคุมได้ เชี่ยวชาญ อิสระในการกระทำ
自在天,อีศวระ มเหศวร อิสสรนิมมานเหตุวาท ลัทธิพระเป็นเจ้า
自在天王,เทวราช ท้าวมเหศวร พญามาร ท้าวปรนิมมิตวสวัตตี หรือ ท้าววสวัตตี วศวรฺติ
自在示現,สำแดงด้วยความอิสระ
自恃,ถือตัว มัวเมาในตน ถือดี อวดตนเอง
自恣請,คำเชิญพิเศษ ปวารณา
自手,ด้วยมือตน
自歸佛,ข้าพเจ้าถึงพระพุทธเจ้าว่าเป็นสรณะ
自歸比丘僧。,ข้าพเจ้าถึงพระสงฆ์ว่าเป็นสรณะ
自歸法,ข้าพเจ้าถึงพระธรรมว่าเป็นสรณะ
自殺,ฆ่าด้วยตนเอง ฆ่าตัวตายก็ได้
自讚毀他,ยกตนข่มท่าน ยกย่องตนเองและดูหมิ่นผู้อื่น
臭,เหม็นเน่า
臭爛,เสื่อมสลาย เน่าเปื่อย
至,ถึง
至心,ใส่ใจ
至心愛念,รักอย่างจริงใจ
至心聽,จงตั้งใจฟังด้วยดี
致,นำมา ผลลัพท์
舂,ตำ (ข้าว ธัญพืช)
與,นำเสนอ มอบให้ ร่วม. พร้อม. ด้วยกันกับ
與之,เสนอ มอบให้
興,ยกขึ้น เจริญรุ่งเรือง
興師,ยกทัพ
興蕖,มหาหิงคุ์
舉,ยกขึ้น
舉足,ก้าวเท้า ยกเท้า
舉身,ทั่วร่างกาย
舌,ลิ้น
舍,ที่พัก บ้าน ที่อาศัย
舍利弗,พระศารีปุตร
舍宅,อาวาส ที่อยู่ บ้านเรือน
舍衛國,สาวัตถี ศราวัสตี
舐,เลีย แลบ ชิมรส
舒,เพื่อยืดออก เอื้อมมือ เหยียดออก
舞,ฟ้อนรำ นาฏกรรม นาฏศิลป์ การแสดง
般若波羅蜜,ปรัชญาปารมิตา
般闍羅, (Skt. Pañcāla)
般闍荼,แคว้นปัญจาละ
船,เรือ
船舫,เรือ กำปั่น สำเภา
良人,บุคคลอิสระ บุคคลผู้เป็นไท สาวงาม ภรรยา
色,รูป สี ความงาม หน้าตา รูปลักษณ์ ใบหน้า สีหน้า เย้ายวน ยั่ว ความลามก เซ็กซี่
色心,รูปจิต
色界,รูปภพ
花,ดอกไม้
花上,บนดอกไม้
花上佛,พระพุทธเจ้าผู้ประทับบนดอกไม้
苗,งอก กล้า หน่อ ต้นอ่อน ธัญพืชพืชผล
若,อนึ่ง. ถ้า. หาก
若不爾者, หากผู้ใดไม่กระทำเช่นนี้แล้วไซร้
若以,หากด้วย หากแต่ หากว่า ถ้าใช้
若佛子,อนึ่งพุทธบุตร
若優婆塞受持戒已,หากอุบาสกสมาทานศีลแล้ว
若干,มากมาย แตกต่าง ต่างๆ นานา
若干,เป็นจำนวน....
若干夜,จำนวน..(กี่)..คืน
若干日,เป็นจำนวน..(กี่)..วัน
若復有人,อนึ่งบุคคลใด
若故作者,หากผู้ใดเจตนาทำอย่างนี้แล้วไซร้
若比丘,อนึ่งภิกษุใด
若言,หากพูด.ตอบ.กล่าว.ว่า
若言無者,หากผู้นั้นตอบว่า ไม่มี 
若言能者,หากผู้นั้นตอบว่า สามารถทำได้ 
苦,ทุกข์
苦惱,ทุกข์ทรมาน ทุกขเวทนา
苦楚,ทุกข์์เจ็บปวดทรมาน
苽,มะตูม ต้นธูป หน่อไม้น้ำ (บางที่เป็นคำผิดคำเดิมคือแตง)
苾芻,ภิกษุ
苾芻衆,หมู่ภิกษุสงฆ์
茹,พืชราก หัว
草,หญ้า
莂,(ได้รับ)พยากรณ์
莊,สงบ เคร่งขรึม
莊嚴,อลังการ วยุหะ เคร่งขรึม น่าเคารพ อย่างมีเกียรติพิธีการ
莊嚴,เครื่องอันอลังการ วิจิตร
莊嚴地,สีมามณฑล อันประเสริฐ เกียรติ พิธีการ
莊嚴道場,ประดับโพธิมณฑลให้อลังการ โพธิมณฺฑาลํการวฺยูห
莊飾,เพื่อประดับตกแต่ง.
莊飾具,เครื่องประดับตกแต่ง
莫,ไม่ทำ
莫作是語, อย่ากล่าวอย่างนี้
莫謗世尊,อย่ากล่าวใส่ร้ายพระผู้มีพระภาคเจ้า
菜,ผัก หญ้า
菩提,โพธิ อภิสัมโพธิ
菩提心,โพธิจิต
菩提樹,ต้นโพธิ์
菩提樹下,ใต้โคนต้นพระศรีมหาโพธิ์
菩薩,โพธิสัตว์
菩薩十地,ภูมิแห่งพระโพธิสัตว์ทั้ง ๑๐ ภูมิ
菩薩在家,โพธิสัตว์ผู้ครองเรือน
菩薩戒,โพธิสัตวศีล
菩薩戒經,โพธิสัตวศีลสูตร
菩薩所住,พระโพธิสัตว์ผู้ี่ดำรงอยู่ใน
菩薩摩訶薩,โพธิสัตว์มหาสัตว์
菩薩道,โพธิสัตวมรรค โพธิสัตวจรรยา
菩薩齋,โปษธะแห่งโพธิสัตว์ โพธิสัตว์โปษธศีล
華,ดอกไม้
菴沒羅園,อัมพวัน อามราราม สวนของอัมพปาลี สวนมะม่วง
萬,หมื่น
萬姓,หมื่นสกุล คนทั้งโลก
落,ตก ร่วง
著,แนบ รับเอา คลุม สวมใส่
葦,ต้นอ้อ กก
蒙, ได้รับ ถูกปกคลุม แบกรับ หลงผิด มืดมน ปิดบัง
蓋,กั้น บัง ร่ม ฉัตร
蓍,ก้านไม้เสี่ยงทาย
蓮,บัว
蓮花,ปัทมา
蓮花臺藏世界,อาสนะแห่งปัทมครรภโลกธาตุ
蓮花藏世界,ปัทมครรภโลกธาตุ 
蓮華臺,ปัทมอาสน์ ฐานบัวในประติมากรรม
蓮華藏世界,ปัทมครรภโลกธาตุ 
蔭,เงา ฉายา
蔽,ปกคลุม บัง
蔽形,นุ่งห่มคลุมกาย
蕑,กว้างใหญ่ ใหญ่ ต้นกก
蕑擇,เลือกปฏิบัติ เลือกเอาส่วนดีหรือใหญ่กว่า เลือกเฉพาะ 1
蕪耶樓,มิคาระ มฤคาร พ่อสามีนางวิสาขะ
蕪耶樓母,มิคารมาตา มฤคารมาตฤ
薜荔,เปรตวิษัย เปรต
薩婆若,สรฺวชฺญ สรรเพชญ สัพพัญญู 
薩惒薩,สรฺวสตฺว สรรพสัตว์
薩波輪,สทาประรุทิตะ
薰,น้ำหอม กลิ่นหอม
藍染,ย้อมคราม บางว่าย้อมไหม
藏,ที่เก็บ คลัง ครรภ์
藏積,เก็บสะสม
藐,ดูถูก ไม่ใส่ใจ
藝,ศิลปะ งานฝีมือ เทคนิค ความรู้ในการปฏิบัติการงาน วิชาชีพ
藝業,ศิลปกรรม ศิลปวิทยาการ อาชีพ
藥,ยา เภสัช
藥草,ยาสมุนไพร
蘇,ฟื้นคืนชีพ รื้อฟื้น
蘇羅娑, (Skt. Śūrasena)
蘭葱,ผักปลาณฑุ (พืชจำพวกหอมหัว)
虎,เสือ
虔,ทำด้วยความเคารพ 
虔誠,จริงใจ เลื่อมใส ศรัทธา
處,สถานที่
虛,โมฆะ เปล่าประโยชน์ ไร้ค่า เท็จไม่จริง 
虛空,ฟ้า อากาศ ศูนย์ เปล่า
虛空界廣大,เป็นอากาศธาตุอันไพบูลย์ อากาศธาตุวิปุล
虛空花,ขะปุษปะ
號,นาม เครื่องหมาย ชื่อเรียก
虧, เสื่อมถอย ถูกทำลาย. พลาด ล้มเหลว แพ้ บกพร่อง
虧損,สูญเสีย 
虫,แมลง แมง
蚑,คลาน ไต่ เหมือนแมลง
蛇,งู
蛾,มด ผีเสื้อ
蜜,น้ำผึ้ง
蟲,สั่ตว์มีลมปราณ แมลง
蟻子,มดตัวน้อย
蠉,การเคลื่อนที่แมลงหนอน
蠕,หนอน คืบคลาน
蠱,เวทมนตร์ยาสั่งจากแมลง
蠱道,เวทมนตร์
蠶,ตัวไหม
血,เลือด โลหิต
衆惡,บาป อกุศล ทั้งหลาย
衆生,สิ่งมีชีวิตทั้งหลาย
衆生界,สัตวธาตุ
行,ปฏิบัติ จรรยา จริต ไป เดินทาง
行住坐臥,ยืนเดินนั่งนอน
行師,ออกรบ
行惡,กระทำความชั่ว กายทุจริต
行欲,เสพสังวาส กามกิจ
衛,ปกป้อง คุ้มครอง
衞,ปกป้อง คุ้มครอง
衣,จีวร ผ้า
衣價,จีวรอันมาจากทรัพย์ที่เตรียมไว้ ทรัพย์สำหรับจัดหาจีวร
衣已竟,มีจีวรอันสำเร็จอยู่แล้ว
衣纏頸,ผ้าพันคอ
衰,เสื่อมลง อ่อนแอลง
衰老,วัยแก่เฒ่าชรา
袈裟,ผ้ากาษายะ
被,ประสบ ก่อให้เกิด นำมาใช้
被擯,ทำเสียหาย ฉิบหาย นาสนะ (สามเณร)
裁,ตัดผ้า ตัดสิน
裁割,ตัดชิ้นส่วนของผ้า
裹,ห่อ พัน โพก
褥,เบาะ หมอน ที่รอง
西天,แดนสวรรค์ตะวันตก อินเดีย
西方,ทิศตะวันตก
西方,ทิศตะวันตก
西晉,ราชวงศ์จิ้นตะวันตก
要,สำคัญ ต้อง
覆,ปิดบัง ปกปิด
覆苫,มุงหลังคา มุงหญ้า
見,เห็น
見如來,เห็นพระตถาคต
視,ตรวจสอบ จ้องมอง ดู
覩,มองดู ไปยัง
親,ความรู้สึกใกล้ชิด ใกล้ สนิท
覺,โพธิ พุทธะ
觀,ดู มอง สังเกต
觀一切法自性,ใคร่ครวญถึงสภาวธรรมทั้งปวง สรฺวธรฺมสฺวภาววิจย
角,แตรเขาสัตว์
解,หลุดพ้น (วันออก ลาศีล) อธิบาย บรรยาย ให้เข้าใจ
解,ละ แก้หรือคลี่คลาย (ปม ปัญหา ข้อสงสัย ) อธิบาย ละลาย วิมุตติ การปลดปล่อย
解夢,ทำนายฝัน
解法,เข้าใจพระธรรมได้
解義,ให้เข้าใจความหมาย เหตุผล
解義味,เข้าใจแก่นแท้ของคำสอน เข้าใจเนื้อความและความหมาย
解脫,วิมุตติ วิโมกษ์ ความหลุดพ้น
解脫月,โมกษจันทระ
解脫月菩薩,วิมุกติจันทรโพธิสัตว์
解脫道,ทางแห่งความหลุดพ้น วิมุตติมรรค
解齋,ลาศีลโปษธะ ละศีลอด 
觸,สัมผัส
言,คำ. พูด. ว่า. ภาษา
言惡,พูดชั่ว วจีทุจริต
計,คิดคำนวน
計都山,ภูเขาเกตุมาน
計都山王,ภูเขาเกตุมานบรรพตราชา
計都末底山,ภูเขาเกตุมาน
計都末底山王,ภูเขาเกตุมานบรรพตราชา
訊,สอบสวน ไต่สวน
記,บันทึก 
訟,เรียกร้อง โต้แย้ง ฟ้องร้อง เรียกร้องความยุติธรรม
設,จัดเตรียม
許,เพียง เท่านั้น ประมาณ เกือบ อนุญาต 
訶,ตำหนิ ดุด่า
詐, แสร้งทำเป็น ฉ้อโกง เท็จ หลอกลวง 
詔譯,แปลตามพระบรมราชโองการ
詠,เพลง บทกวี
詣,ไปถึง ไปข้างหน้า
試,ทดสอบ ลอง
試光祿卿,ในชั้นกิตติมศักดิ์อันเป็นแสงสว่างแห่งสิริมงคล
誑,หลอกลวง ทำให้เข้าใจผิด มายา ลวงตา
誓,สาบาน ให้คำมั่น สัจจวาจา สัตยาธิษฐาน
語,กล่าว
語業,วจีกรรม
誠信,ความจริงและเชื่อถือได้
誡,ตักเตือน สั่งห้าม ให้คำแนะนำ ศีล คำสั่ง บัญญัติ
誦,สวด สาธยาย
誦戒,สวดสาธยายสิกขาบท ศีล
誦經,สาธยายพระสูตร
誨,สั่งสอน อบรม
說,บอก กล่าว อธิบาย สอน
說不可盡,ไม่อาจกล่าวให้หมดสิ้นได้
說他過,กล่าวถึงผู้อื่นในทางไม่ดี
說戒時,คราว เวลา แสดงปราติโมกษ์
誰,ใคร ผู้ใด อะไร บางคน บางอย่าง
調,หว่านล้อม สอบถาม ยั่วยวน สอบสวน ทำนอง ให้เชื่อง ให้คล้อยตาม
調伏,กำหนด ปรับ กำกับ ฝึก ทำให้เชื่อง
調戲,หยอกล้อ ล้อเลียน เกี้ยวพาราสี
調鷹,ฝึกนกเหยี่ยว อินทรีย์
談,การพูดคุย การสนทนา การปรึกษาหารือ
請,สอบถาม ร้องขอ เชิญ อ้อนวอน แสวงหา จ้าง กับบางสิ่ง นิมนต์ อาราธนา
諍,วิวาท โต้เถียง
論,ถ้อยคำ คำสอน วาทะ
論書,ศาสตร์
論說,สนทนาเจรจา
諦,สัตย์ สัจจะ จริง แท้ แน่นอน
諦聽,จงตั้งใจฟังให้ดี
諫,ตักเตือน เตือนสติ ว่ากล่าว
諮,ปรึกษา ถาม
諮受,ถาม ปรึกษาขอคำแนะนำ รับฟัง
諮啓,ปรึกษาและแจ้ง
諮啟,ปรึกษาและแจ้ง
諷,สวด เย้ยหยัน
諷誦,สวดสาธยายพระธรรม
諸,ทั้งหลาย
諸世間,โลกทั้งหลาย
諸仁,เธอทั้งหลาย
諸佛,พระพุทธเจ้าทั้งหลาย
諸佛子,พุทธบุตรทั้งหลาย
諸佛子等,เหล่าพุทธบุตรทั้งหลาย
諸地,ภูมิทั้งหลาย สรรวภูมิ
諸根,อินทรีย์ ร่างกาย อวัยวะ จิตใจ ทั้งปวง
諸比丘,ภิกษุทั้งหลาย
諸眾生,สรรพสัตว์ทั้งหลาย
諸菩薩,พระโพธิสัตว์ทั้งหลาย
諸衆生,สรรพสัตว์ทั้งหลาย
諸賢,อาวุโส ท่าน ผู้อ่อนกว่า บรรดาท่าน
諸香,เครื่องหอมทั้งหลาย กลิ่นหอมต่างๆ
謂,เรียกว่า กล่าวว่า
謗,ใส่ร้าย หมิ่นประมาท ติเตียน วิพากษ์วิจารณ์.
謗世尊者不善,การกล่าวร้ายพระผู้มีพระภาคเจ้าเป็นสิ่งที่ไม่ดี
講,บรรยาย
謝,หายไป ขอบคุณ
謹,ต้องระมัดระวัง ให้รอบคอบ ตักเตือน เข้มงวด 
證,ตรวจสอบ หลักฐาน พยาน เพื่อรับรู้ 
識, รับรู้ แยกแยะ สติ ตระหนัก วิญญาน
譬,เปรียบ อุปมา
譬如,อุปมา
譯,อธิบายความ เหตุผล แปล
譯經,แปลพระสูตร
議,พูด สนทนา หารือ ปรึกษาหารือ ประชุม อภิปราย โต้แย้ง สมมติฐาน 
護,รักษา คุ้มครอง ปกป้อง
護世四王,จตุมหาราช จตุโลกบาล
護養,ปกป้องเลี้ยงดู
譽,สรรเสริญ ชมเชย ยกย่องนับถือ
讀,อ่าน
讀經,อ่านพระสูตร
變,เปลี่ยนแปลง แปรสภาพ เคลื่อนไป
變化,เนรมิต นิรมาณ
變化所作,นิรฺมาณกรฺม การกระทำที่เกิดจากการเนรมิต
讎,อริ ศัตรู ปรปักษ์ ฝ่ายตรงข้าม
讖,ทำนาย พยากรณ์
讚,ยกย่อง สรรเสริญ สดุดี
讚歎,ยกย่องชมเชย
象,ช้าง
貝,สังข์ 
貞潔,พรหมจรรย์ ความบริสุทธิ
負,ลบ พ่ายแพ้ แบก ภาระ หลบภัย เป็นหนี้ ติดค้าง เนรคุณ ทำให้ผิดหวัง 
財,ความมั่งคั่ง. ทรัพย์สิน. สมบัติ. เงิน.
財物秏減,ทรัพย์สมบัติเสื่อมถอยลดน้อยลง
貧,จน ยากไร้
貧時,เวลายากจน
貧窮,อนาถา ยากไร้ ยากจน
貧窮人,บุคคลผู้อนาถายากไร้
販,ขาย
販賣,ซื้อขาย ค้าขาย
貪,โลภ ราคะ ตัณหา ความอยาก
貫,ผ่านไปได้ เจาะ ทะลุ แทรก ร้อยด้าย เชือกสำหรับมัดเหรียญ ต่อด้วย
責,การตำหนิ การวิพากษ์วิจารณ์ ทำให้ถูกต้อง
貯,เพื่อตุน เก็บสะสม สะสม รวบรวม
貴,ที่สำคัญ ดีเลิศ มีคุณค่า มีค่ามีราคา
貴人,ผู้มีฐานันดรศักดิ์ ขุนนาง
買,ซื้้อ
貿易,แลกเปลี่ยน ค้าขาย
賃 ,จ้าง เช่า (ไป/กลับ) คนจ้าง
資,ทรัพย์ สมบัติ ช่วยเหลือ ของขวัญ
資產,ทรัพย์สิน ความมั่งคั่ง อุปโภค
賈作,มีส่วนร่วมในการค้า
賊,โจร ขโมย อาชญากร กบฏ
賊難,เวลาเกิดโจรภัย. ความทุกข์.ประสบภัย.จากการโจรกรรม
賊難,เวลาเกิดโจรภัย
賓客,แขก อาคันตุกะ ผู้มาเยี่ยม
賜,ประทาน มอบให้
賜紫,พระราชทานผ้าม่วง จีวรม่วง
賢,ผู้ฉลาด
賢善人,อริยบุคคล สัตบุรุษ
賢聖僧,อารยสังฆะ อริยสงฆ์
賢聖呵責,นักปราชญ์บัณฑิต พระอริยะเจ้าย่อมตำหนิ
賣,ขาย
賣刀劍,ขายอาวุธ
賣毒藥,ขายยาพิษ
賣生命 ,ขายสิ่งมีชีวิตทั้งปวง
賣身,ขายตัวเอง ถวายตัวเอง เมื่อไม่มีอะไรจะให้
賤,ต่ำ ถูก ถ่อม
賦,อันถวาย บรรณาการ ภาษี
賴,พึ่งพา อาศัย
贖,ชดใช้เพื่อ ชดใช้(บาป) จะซื้อ ไถ่ถอน (ค่าไถ่)
赤,แดง
赤子,ทารก
赫赫,ส่องแสงเจิดจ้า
走,วิ่ง แล่นไป
起,ตื่น ลุก มีขึ้น ปรากฎ
起則,เมื่อตื่นขึ้น ลุกขึ้น
起迎,ลุกขึ้นต้อนรับ
超,ข้าม เหนือ
越,ข้ามผ่าน เลย
越祇渝,แคว้นวฤชิ
越蹉,แคว้นวัตสะ
趣,มุ่ง เนื้อหา ธีม ความสนใจ ปลายทาง เร่งรีบไป อคติ แนวโน้ม
足,ขา. เท้า. ปาทะ. บท. ก้าว. พอเพียง.
足食,ห้ามภัต อาหารเพียงพอ.ปริมาณอาหารเพียงพอ•เพื่อให้มีอาหารกินอย่างเพียงพอ
跋,เหยียบย่ำ ปีน
跋私 ,(Skt. Vatsa).
跡,ร่องรอย คำสอน เครื่องหมาย รอยเท้า ปฏิปทา ทางดำเนิน
路,ถนน
踊,เต้น รำ กระโดด
踊躍,ตื่นเต้น หลงใหล อยู่ในความสุข ปีติโลดลอย ลุกขึ้นมาเต้นรำ
踊躍心, มีจิตเป็นอุพเพงคาปีติ ปีติโลดลอย รู้สึกใจฟู ส.จิตฺโตตฺปฺลว
蹉,พลาดพลั้ง ล้มเหลว
躍,กระโดด โลดเต้น มีชีวิตชีวา สดชื่นคึกคัก
身,กาย ตัว สรีระ องค์
身心,กายใจ
身所,ด้วยกาย
身業,กายกรรม
身苦,ทุกข์กาย
車,รถ
軍,ทัพ ศึก สงคราม
軟言,วาจานุ่มนวล
軸,เพลารถ
載,นั่ง (บนยานพาหนะ)
輒,มักจะ เป็นธรรมดา เป็นปกติ ดังนั้น แล้ว เนื่องจาก
輕,เล็ก ๆ น้อย ๆ เบาบาง
輕垢,ทุษกฤต ทุกกฏ ไม่ดี เล็กน้อย
輕言,กล่าวดูถูก กล่าวถ่อมตน
輩,บรรดา พวก
輪,จักร ล้อ
輪迴,วัฏฏะสงสาร
輸,ชำระค่าธรรมเนียม
輿,ยาน เกวียน ล้อ คานหาม
轄,สลักดุมล้อ
轉,โอน ถ่ายทอด ย้าย เลื่อน เปลี่ยนแปลง
轉妙法輪,หมุนสัทธรรมจักร
轉輪王位,ความเป็นพระเจ้าจักรพรรดิ
辛,ขมขื่น
辟,เปิด แยก ป้องกัน
辟支佛,พระปัจเจกพุทธเจ้า
辦,ค้า จัดการ ติดต่อกัน ธุรกรรม
辭,คำ วลี มนตร์
辭退,ลงมา ลา
辱,เสื่อมเสีย อับอาย 
迎,ต้อนรับ พบปะ
迎來送去,ต้อนรับเมื่อมาถึง ออกไปส่งเมื่อจะกลับพึง 
近,ใกล้ชิด สนิทสนม
返,กลับ กลับไป ย้อนกลับ
迥遠,ห่างไกล
迦夷,แคว้นกาศี
迦夷羅國,นครกปิลวัสตุ
迦尸 ,(Skt. Kāśi)
迦弭濕嚩囉,กาเมศฺวร
迦弭自在者,ท้าวกาเมศวร
迦絺那,กฐิน
迦絺那衣已出,ช่วงแห่งผ้ากฐินได้สิ้นสุดแล้ว 
迦葉,พระกาศยปะ
迫,บีบบังคับ กดขี่
迮,บังคับ บีด รัด กดดัน
迴,เลี้ยว กลับ คืน
迴向,ปริณามนา ปตฺติทาน ปตฺตานุโมทนา
迷悶,หลงมืด งงงวย
退,ล่าถอย
送,ส่ง ให้ เสนอ
逆,ไม่เชื่อฟัง.กบฏ.คัดค้าน.ต้านทาน.ต่อต้าน
逆害,ความเสียหายอันตราย กรรมหนักร้ายแรง
逐,ตาม ติดตาม ไล่ตาม ขับไล่
通,ทะลุผ่าน แทรกซึม แทง ตลอด รวมทั้งหมด 
通國,ทั่วประเทศ เป็นทูตระหว่างประเทศ
速,รวดเร็ว ว่องไว ฉับพลัน
速摩,แคว้นมัสยะ
速教,กระตือรือร้นที่จะสั่งสอน 
速賴吒,แคว้นศูรเสนะ
造,ก่อ ทำ ก่อกรรม
造作,ทำ กริยา กิจ
逢,พบปะ เจอ
逮,ไปถึง จับกุม
進,รุกคืบ
進退,รุกคืบ ล่าถอย
逸,ผ่อนคลาย ปล่อยตัว
逼,บีบบังคับ รบกวน
逼迫,บีบบังคับ กดดัน บีบคั้น
遇,พบ
遊,เตร็ดเตร่ เที่ยวไปไม่อยู่เป็นที่ เดินเล่น เถลไถล
遊戲一切諸解脫門,วิโมกฺษวิกฺรีฑิต การเข้าถึงประตูแห่งวิมุตติทั้งหลายทั้งปวงโดยง่าย
遊獵,ออกล่า
遍,ทุกที่ แพร่หลาย
過,ผ่าน. ล่วง. เกิน. ข้าม.
過人法,อนุตตรมนุษยธรรม
過去一切佛,พระพุทธเจ้าในอดีตทั้งปวง
過去佛,พระพุทธเจ้าในอดีต มาแล้ว
過咎,โทษ บาป
過失,ผิดพลาด สูญเสีย โทษ
過現未來,อดีต ปัจจุบัน อนาคต
道,ทาง มรรค วิธี ทางบก
道中,ในหนทาง ในมรรค
道場,โพธิมณฑล สถานที่ตรัสรู้
道智,มรรคญาณ
道果,มรรคผล
道樹,ต้นโพธิ์
道種性,ลักษณะ โคตร ที่มุ่งไปสู่ทางธรรม มรรค (ภูมิที่ ๑๐)
道行,มรรคปฏิปทา พระสัทธรรมของพระพุทธเจ้า
道說,สนทนา พูดคุย ปรึกษา หารือ
道路,ทาง ถนน
達,เจาะ แทง
違,ตรงกันข้าม ไม่พึงประสงค์ ปรปักษ์
遙,ห่าง ไกล
遠,ห่างไกลจาก
遠行地,ทูรังคมาภูมิ(ภูมิแห่งการก้าวหน้าไปไกล)
遣,ไล่ออกไป ส่งออก เนรเทศ
遣使,เพื่อส่งทูตไป ผู้ส่งสาร ทูต ผู้เจรจา
遮,หยุด ยับยั้ง ห้าม ปราม
遶,เวียนรอบ ประทักษิณ
選,เลือก 
選擇,เลือกส่วนที่ดี
遺,ทิ้งไว้ สูญหาย
遺落,ละเลย ทิ้ง ลืม ตกหล่น ทำข้าวหก
避,หลีก เลี่ยง หลบ หนี
邃,ลึกซึ้ง ลึกซึ้ง ห่างไกล
還,กลับมา
邊,จำกัด.สิ้นสุด.ขอบเขต
那爛陀寺,นาลันทมหาวิหาร
那由他,นยุตะ จำนวนพันล้าน ล้านล้าน นับไม่ถ้วน
邪,ผิด หลง เบี่ยงเบน ไม่ใช่พุทธ
邪,ประพฤติผิด พลาด ไม่ถูกต้อง
邪僻,ประพฤติผิด เลวทราม หยาบคาย นอกรีต คนชั่ว
邪婬,ประพฤติผิดในกาม
邪染,ประพฤติผิดในกาม
邪色,ภาพอันไม่เหมาะสมเย้ายวน
邪見,มีความเห็นผิด มิจฉาทิฏฐิ
部,ส่วน สาขา นิกาย วรรค
部多,ภุต
都,ทั้งหมด เมืองหลวง
都無,ไม่มีอยู่จริงเลย ปราศจาก
酒,สุราเมรัย
酒肆,โรงเหล้า
酒舍,โรงเหล้า
酤,ขาย
酥,เนยใส
酪,นมส้ม
醫,ดูแล รักษา (ป่วย)
釀皮,ฟอกหนัง
采女,อัปสรา นารี สตรี นางกำนัล เทพธิดา นางไม้
釋,อธิบาย ปล่อยวาง
釋種姓,ศากยบุตร
釋迦,ศากยะ ศากยมุนี
釋迦文,พระศากยมุนี
釋迦牟尼佛,พระศากยมุนีพุทธเจ้า
里,หมู่บ้าน ระยะทางชั่วหมู่บ้าน 500 เมตร ลี้ โกรศะ
重,ครุ หนัก
重法,ครุธรรม การเคารพธรรม
重波羅提木叉,ครุปราติโมกษ์
重說,ย้ำ อธิบายซ้ำ พูดอีกครั้ง ทำซ้ำ
重閣,ชั้นลอย หลายชั้น
野,ป่าเถื่อน ป่าดง กันดาร
量,วัด นับ ขนาด
金,ทอง
金剛,วัชร เพชร
金剛千光王座,พระแท่นวัชรอาสน์อันสว่างรุ่งเรืองมีรัศมีนับพัน
金剛寶,วัชรรัตนะ.มณี
金剛寶戒,วัชรรัตนศีล
金剛幢,วัชรธวัช (วัชรเกตุ) ชื่อ
金剛德,วัชรศรี (วัชรคุณ) ชื่อ
金剛藏,วัชรครรภ์
金剛藏菩薩,วัชรครรภโพธิสัตว์
針,เข็ม
鈿廁其間,ฝังประดับแทรกอยู่ระหว่างนั้น
鉢,บาตร
鉢盂,บาตร
鉤釣,ตกปลา
鉾,หอก
銀,เงิน
銖兩,น้ำหนักเบามาก นิดหน่อย จำนวนเล็กน้อย ขนาดเล็กมาก เป็นสำนวน
錄,บันทึก
錐,สว่าน เหล็กหมาด เจาะ
錢,เหรียญ เงินตรา
錢物,ทรัพย์สินเงินตรา
錢財,เหรียญและเงินตรา โภคทรัพย์
錫杖,ไม้ขักขระ
鍼,เข็ม
鍼筒,กล่องเข็ม
鎚,ค้อน กระบอง
鏡,กระจก
鐵,เหล็ก โลหะ
鑊,หม้อ กะทะ ใหญ่
鑷子,แหนบถอนขน
鑽穿,เจาะ ทะลุผ่าน การหยั่งรู้ เข้าใจอย่างลึกซึ้ง
長,ยาว.เกิน.แก่.นาน.เจริญ.เติบโต
長鉢,อติเรกบาตร บาตรเกินมา
長養性,ลักษณะ โคตร(โพธิสัตว์)ที่เจริญแล้ว สัมวรรธนะระดับ ๑๐
門,ประตู
閉,ปิด
開,เปิด
開解,(อธิบาย บรรยาย) ทำให้กระจ่าง เข้าใจ ชัดเจนแจ่มแจ้ง 
間,มีอยู่ ช่วงเวลา ระหว่าง
閱,เห็น ตรวจสอบ ความเห็น ทิฏฐิ
閻浮提,ชมพูทวีป
閾,ธรณีประตู ขอบประตู เกณฑ์ ข้อจำกัด
闇,ปิด ซ่อน ไม่รู้ มืด บอด เมฆมาก ปิดบัง ค่ำ คราส 
闕,ขาด หายไป ไม่ครบ วัง 
防,สังวร สำรวม ระวัง รักษา ป้องกัน
阿僧祇,อสงไขย
阿彌陀,อมิตาภะ
阿彌陀,Amitâbha 
阿彌陀佛,อมิตาภพุทธเจ้า
阿惟樓尸利,อารยศรี อายุรศรี
阿毘曇,อภิธรรม
阿波耶,แคว้นอัศวกะ
阿洹提渝,แคว้นอวันตี
阿濕波, (Skt. Aśvaka)
阿素囉,อสูร
阿素囉使者,อสุรเปฺรษฺย ทูต คนรับใช้ของอสูร
阿練若,อรัญยะ ป่า
阿羅漢,อรหันต์
阿耨多羅三藐三菩提,อนุตตรสัมยักสัมโพธิ
阿耨達池,สระอโนดาต
阿脩羅,อสูร
阿脩羅王,อสุรินทร์ ราชาแห่งอสูร
阿般提, (Skt. Avanti)
阿蕪陀,อมฤต
阿那含,อนาคามิน
阿闍梨,พระอาจารย์
阿難陀,อานนท์
附,ติด.แนบกับ.ใกล้
陣,กองทัพ ขบวนทหาร
除,ยกเว้น. เว้นไว้
除棄,กำจัด ละทิ้ง
除病,เว้นแต่ผู้เจ็บป่วย เว้นแต่อาพาธ หรือออกจากโรค
陸,ที่ดิน
障,ขัดขวาง อุปสรรค
障道法,อันตรายิกธรรม [ธรรมอันกระทำอันตราย] 
隨,ตาม.ปฏิบัติตาม.สืบเนื่อง.ภายหลัง
隨心所念,ตามที่ใจนึกคิด ตามที่ใจปรารถนา
隨逐 ,ติดตาม ตามไป เฝ้าติดตาม
險道,ทางทุรกันดาร
隱,ปกปิด ลึกลับ ลับ ส่วนตัว ซ่อน
雅,สง่างาม สละสลวย ประณีต มีระดับ สุภาพ
集,การรวบรวม รวมกัน สะสม
集會,ได้อยู่ร่วมกัน อยู่รวมกันเป็นหมู่ บริษัท สันนิบาต
集眾,รวบรวมหมู่ชน ชุมนุมชน ประชุมหมู่ชน สั่งสมสะสม
集衆,รวบรวมหมู่ชน ชุมนุมชน ประชุมหมู่ชน สั่งสมสะสม
雖,ถึง แม้ว่า ผลักออกไป ที่จะยกเลิก นี้ เท่านั้น คำเชื่อมที่แยกจากกัน
雜,ผสม รวม
雜碎戒,สิกขาบทเล็กน้อย
離,แยก หลีกหนี พาออก ปล่อย 
離垢,ปราศจากกิเลส วิมโล
離垢地,วิมลาภูมิ (ภูมิอันปราศจากมลทิน)
離有無,พ้นจากความมีและไม่มี
難,ยาก ลำบาก ทุรกันดาร
難了知,ยากที่จะหยั่งรู้
難伏,ยากที่จะปราบ 
難勝地,สุทุรชยาภูมิ (ภูมิที่ยากจะเอาชนะได้)
難知,ยากที่จะรู้ ยากที่จะหยั่งรู้
難行,ยากที่จะกระทำ ปฎิบัติ
雨,พรรษา ฝน ฤดูฝน ผ้าอาบน้ำฝน
雪,หิมะ ขาวบริสุทธิ์
雪山,เขาหิมพานต์ หิมวาน หิมวัต หิมาลัย
雪山王,ภูเขาหิมพานต์บรรพตราชา
雲,เมฆ
震,เขย่า สั่น โยก ไหว
霔,ฝนตกต่อเนื่อง
露,น้ำค้าง
露地,กลางแจ้ง พื้นเปล่า ข้างนอก พื้นที่เปิดโล่ง 
靑,เขียว น้ำเงิน นิล
青,เขียว น้ำเงิน นิล
靜,นิ่งเฉย เงียบ สงบ การยุติความขัดแย้ง ศานติ
非,ไม่
非心,ปราศจากจิต
非時衣,อกาลจีวร ผ้าสำหรับทำจีวรที่เกิดขึ้นนอกกาล
非有,ปราศจากการมีอยู่
非無,ปราศจากการไม่มีอยู่
非色,ปราศจากรูป 
非親里,ไม่ใช่ญาติ
非道,อมรรค ไม่ใช่ทาง 
非道行婬,เสพเมถุนในอมรรค
非餘,ไม่ใช่อย่างอื่นนอกจาก
靡,ไม่มีใคร
革屣,รองเท้าแตะหนัง รองเท้า
革葱,ผักลตารกะ (พืชจำพวกหอมต้น)
鞞陀,ปีฏฐะ (ชื่อสถานที่ในพุทธศาสนา)
鞞陀梨山,ภูเขาไวทัลยะ
鞞陀梨山王,ภูเขาไวทัลยบรรพตราชา
音,เสียง
頂,ด้านบนของศีรษะ จุดสูงสุด ยอด สิขร อุษณียะ กระหม่อม 
頂上,บนสุด กระหม่อม ส่วนบนสุดของศีรษะ
頂戴,ทูนไว้บนศีรษะ เทิดทูนเอาไว้เหนือเกล้า
順,อนุกูล เกื้อกูล อุดหนุน สงเคราะห์ จะไปด้วย ให้สอดคล้องกับ
須,จำเป็น ต้อง ควรจะเป็น คาดหวัง; เพื่อรอ เพียง
須彌盧山,ภูเขาสุเมรุ
須彌盧山王,ภูเขาสุเมรุบรรพตราชา
須摩提,สุมาติ สุขามตี สุขาวดี
須摩提,สุขาวตี สุขามตี
須菩提,สุภูติ
須訶摩持,สุขาวตี สุขามตี
須陀洹,โศรตาปันนะ โสดาบัน
頭,ศีรษะ
頭陀,ธูตคุณะ ธุดงค์
頭面作禮,กราบเท้าทั้งสองด้วยเศียรเกล้า
頭髮,ผมบนศีรษะ
頰,แก้ม ขากรรไกร
頸,คอ
頼,พึ่งพา อาศัย
願,ปรารถนา ประณิธาน
願力,กำลังปณิธาน อธิษฐาน
願垂,โปรดประทานลงมา
顚,พลิกคว่ำ ล้ม
顚倒,บิดเบี้ยว เสื่อมถอย ผิดพลาด
顛倒,บิดเบี้ยว เสื่อมถอย ผิดพลาด
類,ชนิด หลากหลาย โคตร ชาติ
顧,คำนึงถึง แยแส สนใจ
風,ลม
風雨,ลมฝน
飛,บิน
食,กิน อาหาร โภชนียะ บริโภค
食噉,ด้วยการเคี้ยวการกิน เคี้ยวอาหาร
食家,สโภชนกุล สกุลที่เป็นไปกับด้วยคน ๒ คน สโภเค ในสกุลมีโภคะ
飢,หิว โหยหิว
飢時,เวลาหิว
飢渇,หิวกระหาย
飢渴,หิวกระหาย
飮,ดื่ม 
飯,ข้าว (สุก) มื้ออาหาร กิน
飲,ดื่ม
飲酒,ดื่มสุราเมรัย
飲食,อามิส กินดื่ม อาหารเครื่องดืม
飽,อิ่ม พอใจ จุใจ แน่ใจ
飾,ตกแต่ง ประดับ
餅,ขนม
養,เลี้ยง
養護,ปกป้องเลี้ยงดู
餓,หิว โหย
餓鬼,เปรต ผีผู้หิวโหย
餘,เหลือ เศษ อื่น เดียรถีรย์
餘時,สมัยอื่น เวลาอื่น สถานการณ์ไม่ปกติ
饉,กันดารอาหาร ทุพภิกขภัย
饒,เต็มไปด้วย อุดมสมบูรณ์ ส่วนเกิน ให้อภัย
首,หัว ผู้นำ
香,ของหอม
香山,ภูเขาคันธมาทน์
香山王,ภูเขาคันธมาทน์บรรพตราชา
香爐,กระถางธูป เตาเผาธูปะเครื่องหอม
馬,ม้า
馬耳山,ภูเขาอัศวกรรณ
馬耳山王,ภูเขาอัศวกรรณบรรพตราชา
馳,ควบตาม วิ่งตาม
馳騁,ให้ม้าวิ่ง ควบม้า
駐,หยุด จอด
駝,อูฐ
騎,ขี่ (ม้า จักรยาน)
騎乘,ขี่ [ม้าหรือรถม้า รถม้า ยานพาหนะ]
驢,ลา
骨,กระดูก
髑髏,หัวกระโหลก
髓,ไขกระดูก
體,กาย 
體性,สวภาวะ อาตมัน
體性虛空花光三昧,อาตฺมาขปุษฺปปฺรภาสสมาธิ
高,สูง
高廣,สูง กว้าง
高貴,ยศศักดิ์สูง ตระกูลสูง
高門,ประตูสูง ร่ำรวย
髮,เส้นผม
鬘,มาลัย พวงดอกไม้
鬪,ต่อสู้ รบ ยุทธ
鬪搆,ชวนทะเลาะ สร้างความขัดแย้ง บาดหมาง
鬪諍,โต้เถียง ทะเลาะวิวาท
鬻,ขาย
鬼,ปิศาจ อสูร เปรต รากษส ยักษ์ ภูผีปีศาจ
鬼神,ภูต
鬼神村,ภูตคราม
魔,มาร
魚,ปลา
魚網,ทอดแห่ลงตาข่ายดักปลา
鳥,นก
鳩摩羅什,กุมารชีพ
鳩樓,kūṭā
鳩樓城,Koṭigāma
鳩樓孫佛,Krakucchanda
鳩溜,แคว้นกุรุ
鴦伽,(Skt. Aṅga)
鴦迦,แคว้นอังคะ
鷹,นกเหยี่ยว อินทรีย์
麁惡,ชั่วหยาบ
麨,ผงสักตุ หรือ สัตตุ ผงข้าวแห้ง
麻,ปอ ป่าน งา
黃,เหลือง 
黃門,แปลตรงตัว ประตูเหลือง หมายถึง ขันที ใช้แปล คำว่า บันเฑาะก์ (ปณฺฑก หรือ ษณฺฒ)
黑,ดำ
默然,จงเงียบ
鼓,กลอง
鼻,จมูก นาสิก ได้กลิ่น
齊,เพื่อปรับ จัดเรียง แถว เกลี่ย เท่ากัน เหมือนกัน
齊整,เป็นปริมณฑล เป็นระเบียบเรียบร้อย
齋,อุโบสถ โปษธะ
龍,มังกร พญานาค
龜茲,เมืองกุฉา
㵱,น้ำไหล
領,นำ เป็นผู้นำ ได้รับ ได้รับมอบหมาย คอเสื้อ อาณาเขต เขตแดน
頌,สรรเสริญ สดุดี บทสวดสรรเสริญ บทกวีสรรเสริญ
際,ขอบ ชาย ระหว่าง ช่วงเวลา โอกาส การติดต่อ
陀,มักใช้ในการถอดเสียงจากภาษาอื่น 
鐘,ระฆัง กระดิ่ง นาฬิกา ชั่วโมง
錯謬,ผิดพลาด คลาดเคลื่อน ความผิดพลาด
辯才,วาทศิลป์ ปฏิภาณโวหาร ความสามารถในการโต้แย้งหรืออธิบาย
辯,โต้แย้ง อธิบาย แยกแยะ ชี้แจง
質,คุณภาพ เนื้อแท้ สาระสำคัญ สสาร พื้นผิว จำนำ ค้ำประกัน
誘,ชักจูง ชักชวน หลอกล่อ
蘊,กอง หมวด สังขารขันธ์ อายตนะ (ในทางพุทธศาสนา เช่น ขันธ์ 5)
芽,หน่อ ตา ต้นอ่อน
臣,ข้าราชบริพาร ข้าราชการ ข้า (สรรพนามบุรุษที่หนึ่งแบบถ่อมตน)
耀,ส่องแสง เปล่งประกาย แสดงให้เห็น โอ้อวด
翦,ตัด เล็ม กำจัด ปราบปราม (คำโบราณ มักใช้แทน 剪)
群,ฝูง หมู่ กลุ่ม ทั้งหมด เหล่า (บ่งบอกจำนวนมาก)
美,สวยงาม ดีงาม ชื่นชม สรรเสริญ
羈,ผูกมัด จองจำ ควบคุม ยับยั้ง
續,ต่อเนื่อง ติดต่อกัน สานต่อ สืบไป
總,ทั้งหมด โดยรวม รวบรวม หัวหน้า
簫,ขลุ่ยจีนประเภทหนึ่ง (vertical bamboo flute)
笛,ขลุ่ยจีนประเภทหนึ่ง (transverse bamboo flute)
眠,นอน หลับ
畢,เสร็จสิ้น จบ ทั้งหมด
潤,ชุ่มชื้น หล่อเลี้ยง ทำให้เปียก
溺,จมน้ำ ติดอยู่ใน ลุ่มหลง หมกมุ่น
機,เครื่องจักร กลไก โอกาส ความลับ ปริศนา ไหวพริบ
暫,ชั่วคราว ชั่วขณะ
暢,ราบรื่น คล่องแคล่ว สบายใจ เบิกบาน
排,จัดเรียง จัดแถว ผลักออก ขับไล่
仍,ยังคง ยังคงอยู่
怙,พึ่งพา อาศัย บิดามารดา (คำโบราณ)
形,รูป รูปร่าง รูปแบบ แสดงออก
幽,ลึกลับ เงียบสงัด มืดสลัว ลึกซึ้ง ห่างไกล
巧,แยบยล ชำนาญ ฉลาด บังเอิญ
密,หนาแน่น ใกล้ชิด ลับ ปกปิด
奧,ลึกซึ้ง ลึกลับ ซับซ้อน ห้องที่อยู่ด้านในสุด
唯,เพียงแต่ เท่านั้น โดยเฉพาะ
剎,เกษตร พุทธเกษตร (คำย่อจาก 剎那) วัด อาราม (คำย่อจาก 剎那)
冠,มงกุฎ หมวก ครอบครอง เป็นอันดับหนึ่ง ส่วนบนสุด
倦,เหน็ดเหนื่อย เบื่อหน่าย
仍,ยังคง ยังคงอยู่ (ซ้ำกับข้างบน)
並,และ รวมทั้ง ควบคู่กันไป ไม่ใช่ (ใช้ในรูปปฏิเสธ)
一,หนึ่ง เดียว ทั้งหมด ทั้งปวง เมื่อ (คำเชื่อม)
義無礙智,อัตถปฏิสัมภิทา ปัญญาแตกฉานในอรรถ
法無礙智,ธัมมปฏิสัมภิทา ปัญญาแตกฉานในธรรม
辭無礙智,นิรุตติปฏิสัมภิทา ปัญญาแตกฉานในนิรุกติภาษา
樂說無礙智,ปฏิภาณปฏิสัมภิทา ปัญญาแตกฉานในปฏิภาณ
欲重宣其義,ด้วยประสงค์จะกล่าวย้ำในอรรถนั้น
重宣,กล่าวย้ำ กล่าวซ้ำ ประกาศซ้ำ
其義,ในอรรถนั้น ความหมายนั้น เนื้อหานั้น
而說頌曰,จึงได้กล่าวเป็นคาถาว่า  จึงได้กล่าวโศลกว่า
智力,พลพุทธิ พุทธิพละ ญาณพละ ปัญญาพละ
祕密處,คุหยสถาน สถานที่อันลี้ลับ
總持,ยึดมั่นในความดี ทรงไว้รักษาไว้อย่างดี ธารณี ธารณีมุข